Nom	Prix	Image	Niveau	Univers	Force	Mana	Vitesse	Popularité
Baby Vegeta	0	https://drive.google.com/file/d/1021dlMrieMoDPvUURTW8_cfzr3fI3cJa/view?usp=sharing	4	Dragon Ball	90	88	86	77
Bojack	3000	https://drive.google.com/file/d/1wK8s8akSDyQH2rOAN34pi1vYVgrPpqOw/view?usp=sharing	4	Dragon Ball	93	86	76	78
Boo	2900	https://drive.google.com/file/d/1U4KEvsestPwCsZc_I1c1F7Z_ILQMNwdR/view?usp=sharing	4	Dragon Ball	92	92	85	87
C17	2800	https://drive.google.com/file/d/1yTGQ0H-iY3WJGLNEOMmBFuQSNurq2PHd/view?usp=sharing	4	Dragon Ball	88	92	87	88
C18	2700	https://drive.google.com/file/d/1wY6e3ldu_iIrgy8eR5GQWAxl7Rp_9WMK/view?usp=sharing	4	Dragon Ball	88	90	86	90
Cell	2700	https://drive.google.com/file/d/1e2y-NjfKbJtMZIEuVszmsmdHs3tpA7aD/view?usp=sharing	4	Dragon Ball	88	90	90	88
Freezer	3300	https://drive.google.com/file/d/1QjNX8IvbqdvdCanFStaRIoybYf2fDAs_/view?usp=sharing	4	Dragon Ball	88	94	88	90
Gohan	2900	https://drive.google.com/file/d/1a9BG_OAGS7nyM-TAceIACyf6I9jgND-_/view?usp=sharing	4	Dragon Ball	87	92	88	92
Goku	4000	https://drive.google.com/file/d/1KSxYBgNGTUF4dKAX_kjz6sMVgfCmvUjX/view?usp=sharing	4	Dragon Ball	94	90	90	95
Trunks	2800	https://drive.google.com/file/d/1b1LcMWWjzIf1q5Hb70C36C9FDcQMM5w-/view?usp=sharing	4	Dragon Ball	92	89	87	90
Vegeta	3400	https://drive.google.com/file/d/1NDUDs6ml0xZskJzv2Syyj3v1ifwMgpJk/view?usp=sharing	4	Dragon Ball	94	92	90	93
Bardock	2500	https://drive.google.com/file/d/11de1iXQxuI8CkWFsJKgHjKQMoaM6jPR5/view?usp=sharing	3	Dragon Ball	88	80	80	85
Dabra	2400	https://drive.google.com/file/d/14hxP4NEoR5D5zNDet26d8XmjQf1i6uri/view?usp=sharing	3	Dragon Ball	87	84	80	78
Goku	3200	https://drive.google.com/file/d/1aDguGKiTIDg7mpYPoctm8I7Fi0c_aN_D/view?usp=sharing	3	Dragon Ball	86	77	85	92
Vegeta	3000	https://drive.google.com/file/d/18kBez8uAWGtbkkHJTddNpL1oEwR65Do8/view?usp=sharing	3	Dragon Ball	86	85	80	90
C16	2600	https://drive.google.com/file/d/1OOy5wowW8DuTpWdI3Le7uy3UAt9Qwfzf/view?usp=sharing	2	Dragon Ball	88	83	75	78
Gohan	2300	https://drive.google.com/file/d/1apTyeuAlDw056KKRtwrtlvhpAzmntodB/view?usp=sharing	2	Dragon Ball	83	82	80	85
Krilin	1700	https://drive.google.com/file/d/1apTyeuAlDw056KKRtwrtlvhpAzmntodB/view?usp=sharing	2	Dragon Ball	78	73	76	74
MrSatan	1800	https://drive.google.com/file/d/15XqMhhKExkmtQSk-RbK_p0Oc9Blb6ka5/view?usp=sharing	2	Dragon Ball	75	60	76	83
Pan	2300	https://drive.google.com/file/d/14P_mo6C-reL2zaOpnSRaenMDt-jb71wt/view?usp=sharing	2	Dragon Ball	82	83	86	80
Piccolo	2000	https://drive.google.com/file/d/1WGJ3WonFDoxdAupNjKePh53JT54CStLf/view?usp=sharing	2	Dragon Ball	82	78	80	82
Roshi	1700	https://drive.google.com/file/d/1u7TIcmLYbc9-z0-O28z3Uat9l9ctYusA/view?usp=sharing	2	Dragon Ball	77	75	69	78
Yamcha	2400	https://drive.google.com/file/d/1H2ziADiSuH6gxT9lca5n-DtknXXJpEGb/view?usp=sharing	2	Dragon Ball	75	68	78	87
Boo	3100	https://drive.google.com/file/d/1jNra0LFLg8Pj3qpEembHgJVEKdg1MPt2/view?usp=sharing	5	Dragon Ball	90	93	92	87
Broly	2800	https://drive.google.com/file/d/1JmvB2zRW99Ktl6C3ppsQooOOZpnzKtGD/view?usp=sharing	5	Dragon Ball	92	90	82	90
Cooler	2800	https://drive.google.com/file/d/1_dCPKimtXgWsn2zKrugokN5BAHRgpwAZ/view?usp=sharing	5	Dragon Ball	90	90	92	80
Gohan	2500	https://drive.google.com/file/d/1dDu_dzb4fyms-bDy2u73AkfBOQ3oy2Jm/view?usp=sharing	5	Dragon Ball	90	86	88	90
Goku	3300	https://drive.google.com/file/d/1O3qYY0hSMjyKTLe2-ewpbbGGGpLGs9IR/view?usp=sharing	5	Dragon Ball	94	92	92	88
Gotenks	2800	https://drive.google.com/file/d/1pp0UT3ygN4RwXT2ifixvvM2sxyDcCLml/view?usp=sharing	5	Dragon Ball	92	90	92	85
C17	0	https://drive.google.com/file/d/1cU7vZmoatbodvZnYinlSUgVpaZ8XQ-GR/view?usp=sharing	5	Dragon Ball	94	93	88	86
Tapion	3500	https://drive.google.com/file/d/107rQNfnqsogtCS7kkWx-vwXQSxv5g3wH/view?usp=sharing	5	Dragon Ball	88	92	94	87
Vegeta	4000	https://drive.google.com/file/d/1nES_ycnRC4Ikc8k7PbtZ20wmslq-iG9A/view?usp=sharing	5	Dragon Ball	95	92	92	94
Baby Vegeta	0	https://drive.google.com/file/d/1AkTBkep2NXB1q8t6i-O01ePR3x7q0Ib2/view?usp=sharing	6	Dragon Ball	93	90	90	80
Broly	3400	https://drive.google.com/file/d/1pu7bOEuiBXsy_Xe-zsv6SxoNXzVONI4r/view?usp=sharing	6	Dragon Ball	94	88	78	90
Cell	2400	https://drive.google.com/file/d/1KzbJiqDIDVxl9IEX_iKZrj8BQ2mMzjYc/view?usp=sharing	6	Dragon Ball	88	90	86	89
Gogeta	4500	https://drive.google.com/file/d/1wpga-L6Sl4-0-J5qJg9_6v963t8JiOUw/view?usp=sharing	6	Dragon Ball	96	94	94	92
Gohan	3500	https://drive.google.com/file/d/1w0sgcZZ-UWZ8XEtJQ2a1I2OvNS8JPyLI/view?usp=sharing	6	Dragon Ball	93	92	90	94
Gohan	2700	https://drive.google.com/file/d/1THQW8wy21t9qvmOsB3mu-833u-PDSC9j/view?usp=sharing	6	Dragon Ball	92	92	88	82
Goku	3000	https://drive.google.com/file/d/18nXrb2EKzxEOavcS9Jy2BTvGj6hJBGXy/view?usp=sharing	6	Dragon Ball	93	90	90	93
Goku	4000	https://drive.google.com/file/d/1-jqfNmV34G4CQsQp-juWEYUUK98PXpeF/view?usp=sharing	6	Dragon Ball	95	92	93	95
Janemba	2900	https://drive.google.com/file/d/1JrCr_MGn-CtYP4JMNYSjAxLaxzklWZ00/view?usp=sharing	6	Dragon Ball	92	90	93	85
Shenron	3800	https://drive.google.com/file/d/1ubfeYr3ufZw1JNP7aTcBG-Uo4156kNsy/view?usp=sharing	6	Dragon Ball	85	95	85	94
Trunks	3400	https://drive.google.com/file/d/1dZ00BdAzIbCnMG758kl9DF86GuhzsDob/view?usp=sharing	6	Dragon Ball	94	85	77	86
Baby Vegeta	0	https://drive.google.com/file/d/1Ymepjs4Ai0wjQSrAE_yLICZj5F48W2Vn/view?usp=sharing	7	Dragon Ball	94	90	75	76
Gogeta	2700	https://drive.google.com/file/d/16iSsaIihzDzaW2UFa3BZZl5ZRtLgLnZg/view?usp=sharing	7	Dragon Ball	92	88	93	92
Gogeta	0	https://drive.google.com/file/d/1BK6f00q7Rv2x6cE69gWiwxLgXBA-Rug-/view?usp=sharing	7	Dragon Ball	96	95	92	93
Goku	3600	https://drive.google.com/file/d/1wAFhDh2rPc5sZhwqRXNBSKlp-7Qc5gMx/view?usp=sharing	7	Dragon Ball	94	90	87	94
Goku	3800	https://drive.google.com/file/d/1y4d-JDwW50zLIx1zTvzjPn2L6q-yCkhn/view?usp=sharing	7	Dragon Ball	95	90	93	92
Li Shenron	3900	https://drive.google.com/file/d/1AKUAXskes4QlI_XAaAS5QX4AtsONKmEd/view?usp=sharing	7	Dragon Ball	95	94	92	86
Vegeta	3400	https://drive.google.com/file/d/18q5NNhlCVXLXADDaAJ4ueWC-3lIc5Mpn/view?usp=sharing	7	Dragon Ball	94	90	88	90
Vegeta	3700	https://drive.google.com/file/d/1dyCF2SnuRl2BMKj5yccQbxrDvd4nkaUF/view?usp=sharing	7	Dragon Ball	95	92	90	92
Vegetto	2700	https://drive.google.com/file/d/1zaB78uLr605o6zFVUT20v1lDzE3e-Knp/view?usp=sharing	7	Dragon Ball	90	90	92	93
Vegetto	0	https://drive.google.com/file/d/1ByVcvkxUhUmJ1EvA7e8P4k1MSizFchZm/view?usp=sharing	7	Dragon Ball	96	93	95	90
Gardien Celte	2500	https://drive.google.com/file/d/1lXYDRXDV8_m8Vq0pwKq3OQHm3xdu0iP5/view?usp=sharing	2	Animes Classiques (divers)	87	70	77	85
Horohoro	2400	https://drive.google.com/file/d/10tgn7ETs2El3w0wEiy3FM1pdMPkgGMFd/view?usp=sharing	2	Animes Classiques (divers)	84	86	78	70
Ryu	2400	https://drive.google.com/file/d/1wAzZdqjiUzzt5XaMGj3Ukmb4Qrmu4_FA/view?usp=sharing	2	Animes Classiques (divers)	86	83	76	78
Saori	2600	https://drive.google.com/file/d/1DwWqV-0Csd_ofGn0ylmrbL6_USuP-52g/view?usp=sharing	2	Animes Classiques (divers)	86	88	86	76
Anna	3500	https://drive.google.com/file/d/17wepxr8_W4kPv6Tx16YBuUbmO-_rLPi_/view?usp=sharing	3	Animes Classiques (divers)	72	92	75	73
Gon et Kirua	2700	https://drive.google.com/file/d/1Wj5GMrY6wcLyjsnwvRnNT4y5X22hPNdh/view?usp=sharing	3	Animes Classiques (divers)	84	86	88	85
Grey	2500	https://drive.google.com/file/d/1q0BE7AfegQA17wP_GCKyHZDE2a9ljKy8/view?usp=sharing	3	Animes Classiques (divers)	83	86	85	83
Magicienne des ténèbres	3400	https://drive.google.com/file/d/1L_85207WHbtru6ZXRupWxIEFbInuaXAg/view?usp=sharing	3	Animes Classiques (divers)	77	90	80	88
Natsu	2500	https://drive.google.com/file/d/1shbEV5Tk_tKjy3cvVcxA41zwcTfmFmX5/view?usp=sharing	3	Animes Classiques (divers)	85	86	83	85
Ren	2700	https://drive.google.com/file/d/1balb7YvboOq7Zc4_G4FZ3ukvPof_13r2/view?usp=sharing	3	Animes Classiques (divers)	88	87	80	77
Tenma	2700	https://drive.google.com/file/d/1eR2w-rLvx2ARM_AFpHzRjAgFAzEdbbsW/view?usp=sharing	3	Animes Classiques (divers)	87	84	87	89
Buster Blader	2800	https://drive.google.com/file/d/1q00IzhblhAuOrZns16PCg87_CHmOYh51/view?usp=sharing	4	Animes Classiques (divers)	92	79	84	83
Crâne Invoqué	2600	https://drive.google.com/file/d/1g3tbNmo8ywbbHJhY_8FmGoqJ9ZXXkNmL/view?usp=sharing	4	Animes Classiques (divers)	90	87	79	88
Goldorak	2400	https://drive.google.com/file/d/1UcekNDRLkjWz8xgDmfMYWI6wy9g5EmqN/view?usp=sharing	4	Animes Classiques (divers)	89	80	84	87
Hisoka	3300	https://drive.google.com/file/d/1WF9LGAFwU3ffXDGR3ZGUkKvsOTUTh0L1/view?usp=sharing	4	Animes Classiques (divers)	93	92	88	88
Jolyne	2400	https://drive.google.com/file/d/1vM2smgGyNBSLMaRtUhnoZfAjondQ83eR/view?usp=sharing	4	Animes Classiques (divers)	86	87	84	87
Joseph	2400	https://drive.google.com/file/d/1F1PU7UZu5E8OIqOhLpX2mQVn99GO_Uh7/view?usp=sharing	4	Animes Classiques (divers)	88	80	77	86
L	2800	https://drive.google.com/file/d/1u-AOwiHnaxwhwoga-HoFEo-lJbvXTbTa/view?usp=sharing	4	Animes Classiques (divers)	75	80	78	92
Light	2700	https://drive.google.com/file/d/1L1Wm0lMDCDThB3OLFCG15LVlQnMVVlk2/view?usp=sharing	4	Animes Classiques (divers)	70	82	74	90
Magicien Sombre	2500	https://drive.google.com/file/d/19cxx1lKVFMvwHwhpps0oNwSbkBBNX49v/view?usp=sharing	4	Animes Classiques (divers)	77	89	80	88
Neos	2400	https://drive.google.com/file/d/13OvmLy-BcOrsMS-ePzyfh04i5X7rY1OS/view?usp=sharing	4	Animes Classiques (divers)	88	85	86	84
Yoh	3400	https://drive.google.com/file/d/1vuS946gri3XujK4PM8nRHFvReu5CFbdI/view?usp=sharing	4	Animes Classiques (divers)	88	94	82	84
Albator	2500	https://drive.google.com/file/d/1ZqiVtNUOpdy0CX8TbsnGD6PYBOPatEEm/view?usp=sharing	5	Animes Classiques (divers)	86	82	88	90
Amidamaru	2700	https://drive.google.com/file/d/1Y0mb8BQUEG8vHgOQQ6RHWqeCC24usrl6/view?usp=sharing	5	Animes Classiques (divers)	92	88	85	83
Black Luster	2400	https://drive.google.com/file/d/1msxWUpur2qpNjnvXYteexkSHwIl0RCvF/view?usp=sharing	5	Animes Classiques (divers)	89	87	82	82
Jellal	2800	https://drive.google.com/file/d/1KdBcRwrAg5saAvxGjtslhYe4zq65fAcj/view?usp=sharing	5	Animes Classiques (divers)	84	90	92	85
Jotaro	2400	https://drive.google.com/file/d/1z0-331a0HcF7Al0hgagBqnMZzgpPkfoo/view?usp=sharing	5	Animes Classiques (divers)	88	84	79	85
Jotaro	2800	https://drive.google.com/file/d/1BXkht7H953Q9goIdU7i5wq28OUjks0V6/view?usp=sharing	5	Animes Classiques (divers)	92	92	84	88
Luxus	2500	https://drive.google.com/file/d/1EfRROXp6Qauqob3GRVMcTvjvJLhkBLJV/view?usp=sharing	5	Animes Classiques (divers)	90	87	87	84
Magicien Sombre	3200	https://drive.google.com/file/d/17E3h0sckQxg-A7xMTu3IePLwNxAme4Jg/view?usp=sharing	5	Animes Classiques (divers)	77	93	86	92
Paladin des ténèbres	0	https://drive.google.com/file/d/1qm85tUfrpCUjoWpf1KYEhLTVaOxoAUwD/view?usp=sharing	5	Animes Classiques (divers)	92	94	86	89
Tenma	0	https://drive.google.com/file/d/11soo-xbI8pZ8bXs_bhe3bhib87qugg8q/view?usp=sharing	5	Animes Classiques (divers)	92	88	94	92
Acnologia	3200	https://drive.google.com/file/d/1I296vuHqhMRDgk6bJAjMsnbDT6Hxwmz8/view?usp=sharing	6	Animes Classiques (divers)	93	90	88	80
Albafica	3400	https://drive.google.com/file/d/1c4QKwIe_JbMUxfu4BvTKGZ9KcvpBsxjp/view?usp=sharing	6	Animes Classiques (divers)	86	83	93	82
Dio	2600	https://drive.google.com/file/d/1xqbZl5XPQFtsa4eHlLo8KYHA6FxQKioB/view?usp=sharing	6	Animes Classiques (divers)	88	90	82	85
Dio	3400	https://drive.google.com/file/d/1rzetRYE4IWgfNyqKbZImwR3zWLrTvB0g/view?usp=sharing	6	Animes Classiques (divers)	92	94	84	89
Dragon noir aux yeux rouges	2900	https://drive.google.com/file/d/1KpZpPJp1IxYx_McXqPdUUZEbxAOjzMAd/view?usp=sharing	6	Animes Classiques (divers)	85	92	88	90
Dragon blanc aux yeux bleus	3000	https://drive.google.com/file/d/1N0IDCw9byvrlfausgdPJnpMOuT56I65I/view?usp=sharing	6	Animes Classiques (divers)	87	92	88	93
Erza	3400	https://drive.google.com/file/d/1t9lXScrF7Oa_D8-lME27YS6fh6bE-DEg/view?usp=sharing	6	Animes Classiques (divers)	94	89	85	92
Griffith	3400	https://drive.google.com/file/d/181IntiuVp_nLU3y0pIx_NOlRpAnMLClJ/view?usp=sharing	6	Animes Classiques (divers)	89	94	92	90
Guts	3400	https://drive.google.com/file/d/1CPIvpyfO5QspuyvOoDdc8V5X4hQ0vmHu/view?usp=sharing	6	Animes Classiques (divers)	94	89	78	93
Hao	3500	https://drive.google.com/file/d/1PDALL8GFVSb2lG-8Vobl1fJnEy03jgVX/view?usp=sharing	6	Animes Classiques (divers)	86	95	86	83
Jinzo	3000	https://drive.google.com/file/d/1hLj9G5DQLG42779kE3roXkuqyC88U75y/view?usp=sharing	6	Animes Classiques (divers)	80	93	77	92
Kuroro	3600	https://drive.google.com/file/d/1gxeo1Edi8aPuYnx8_AQCn_ka10NDNQMs/view?usp=sharing	6	Animes Classiques (divers)	90	95	90	90
Sasha	2900	https://drive.google.com/file/d/1haJwUcv31tG2ja1_ER59kbV9k0sIVUls/view?usp=sharing	6	Animes Classiques (divers)	89	93	89	76
Ultime Dragon Blanc aux yeux bleus	0	https://drive.google.com/file/d/1xrjrfCgZrOPGMiAzm2CE8u5qMS9fbQCR/view?usp=sharing	6	Animes Classiques (divers)	93	96	90	94
Acnologia	3200	https://drive.google.com/file/d/1xVGkniNudFRIQ74_KIaIVvHMjJwvi0eM/view?usp=sharing	7	Animes Classiques (divers)	92	94	89	82
Eileen	3500	https://drive.google.com/file/d/13wa75J2hrTeZSjVqszw2ij9obF-GKokr/view?usp=sharing	7	Animes Classiques (divers)	89	95	85	88
Exodia	3200	https://drive.google.com/file/d/1y5QAe1I0zQ-PB5ZR1phplS4s2itLILBO/view?usp=sharing	7	Animes Classiques (divers)	94	92	60	92
Meruem	4000	https://drive.google.com/file/d/1GKUCbe6ZWONqmNDmAaSNafaxK5hHi0of/view?usp=sharing	7	Animes Classiques (divers)	95	92	95	90
Obelisk	3200	https://drive.google.com/file/d/142v-G_c7kFdOSucyWVLMPTcpHz5dnREh/view?usp=sharing	7	Animes Classiques (divers)	94	85	75	90
Ra	3200	https://drive.google.com/file/d/1jm77zx8z5MLUek2H2_AZfUylsNBQeOre/view?usp=sharing	7	Animes Classiques (divers)	88	94	84	92
Sliffer	2900	https://drive.google.com/file/d/1_sgnct3s-upkCeiZPVlmsMAGtIjh6d4v/view?usp=sharing	7	Animes Classiques (divers)	86	93	88	88
Finral	2300	https://drive.google.com/file/d/1lF7nTk_cocsqBzmWlyTxJdesVjLQrJg5/view?usp=sharing	2	Animes New Gen (divers)	75	85	84	80
Luck	3400	https://drive.google.com/file/d/1TamxfyCxCguY0mFwOS1vsWa7Rlp-3CdC/view?usp=sharing	2	Animes New Gen (divers)	82	85	90	82
Noelle	2200	https://drive.google.com/file/d/11vIYLqDbyo-YLR6nEXytdgb76fRFVDZe/view?usp=sharing	2	Animes New Gen (divers)	70	80	77	85
Uraraka	2500	https://drive.google.com/file/d/1eXX3WY0H9JOg11XtSMgdeteQaulroQ2T/view?usp=sharing	2	Animes New Gen (divers)	76	86	77	86
Vanessa	2800	https://drive.google.com/file/d/1bKn0wfGjdp-qagln01WHiGQH3qm4yk7d/view?usp=sharing	2	Animes New Gen (divers)	77	88	80	80
Asta	3400	https://drive.google.com/file/d/1K4GbVFOBDwZ_tJbFVHTlvHyhBv5yvOAh/view?usp=sharing	3	Animes New Gen (divers)	90	60	82	83
Bakugo	2800	https://drive.google.com/file/d/1eu9o_y2vNTA4GnKabKUvZABhbb6gpDZ8/view?usp=sharing	3	Animes New Gen (divers)	87	84	87	84
Deku	2800	https://drive.google.com/file/d/1hMwrLDGUnAkbw1V74kiSWdrfoi8J_-50/view?usp=sharing	3	Animes New Gen (divers)	88	80	85	85
King SDS	2700	https://drive.google.com/file/d/1ZG7zJ-E69hyrhysM2HxcBNGmprYMA6x3/view?usp=sharing	3	Animes New Gen (divers)	74	87	84	76
Shoto	3000	https://drive.google.com/file/d/1VSD1qmWP5ZzYEra1ePJI7ZgS6j1zy-lO/view?usp=sharing	3	Animes New Gen (divers)	86	89	83	85
Toka	2800	https://drive.google.com/file/d/1WdVd9ZSW-wOOQDDZHXm7ffp8BdocQIWR/view?usp=sharing	3	Animes New Gen (divers)	82	85	88	80
Yuno	2800	https://drive.google.com/file/d/1-2UTGtsND1O3anPda71gUX7m95eZ6NcY/view?usp=sharing	3	Animes New Gen (divers)	83	88	84	84
Crematorium	2800	https://drive.google.com/file/d/10d4JJ5icczx5jUIxQxNZLeOA0xXttkII/view?usp=sharing	4	Animes New Gen (divers)	86	92	83	84
Kaneki	0	https://drive.google.com/file/d/1m2dQuHt1quAwgNxlehLGL142jB63COD3/view?usp=sharing	4	Animes New Gen (divers)	88	92	90	88
Kaneki	2400	https://drive.google.com/file/d/1ySoi8EU49m6WFbxbT5_DpaFz5Fgsrr_4/view?usp=sharing	4	Animes New Gen (divers)	85	88	86	82
Noelle	2800	https://drive.google.com/file/d/1pQWXZA7os_K5aGjNAujQEAQxhPe-Qwjz/view?usp=sharing	4	Animes New Gen (divers)	90	90	90	87
Tomura	2900	https://drive.google.com/file/d/1bOkgpc_gp7goM75dKlhT2Z87qPLxsD45/view?usp=sharing	4	Animes New Gen (divers)	78	92	76	90
Yami	3200	https://drive.google.com/file/d/1S6-UWUi1ITIQeWK7qSLqu9LutL7zybjw/view?usp=sharing	4	Animes New Gen (divers)	93	90	85	80
Zora	2600	https://drive.google.com/file/d/1P-SasMahPQrkJNiD0luHjUQOEQIzpnnV/view?usp=sharing	4	Animes New Gen (divers)	86	90	80	83
Aizawa	2700	https://drive.google.com/file/d/1khn-C2llsnHACG2pgBGlcdw326J1Ikc1/view?usp=sharing	5	Animes New Gen (divers)	80	92	77	90
Asta	3200	https://drive.google.com/file/d/1tjV2UTkotIVOTd_sNttpW7E2NK8jOCSH/view?usp=sharing	5	Animes New Gen (divers)	93	70	80	87
Ban	3000	https://drive.google.com/file/d/1hG8ucjqQ-VjzUNPqeZRLpohwpaylVbB7/view?usp=sharing	5	Animes New Gen (divers)	88	89	92	82
Fuegoleon	3200	https://drive.google.com/file/d/1krmYytrIWvvfeKIgdyrxXhE22Epwc6-2/view?usp=sharing	5	Animes New Gen (divers)	88	93	83	80
Nozel	3600	https://drive.google.com/file/d/1rs56hsjeTY-9-s_yjoabOVEZG0EqJDdZ/view?usp=sharing	5	Animes New Gen (divers)	85	94	84	85
Overhaul	3300	https://drive.google.com/file/d/1q6pzzqbMS7BRBLJKYk4ARP-qgFMyvo_p/view?usp=sharing	5	Animes New Gen (divers)	87	93	82	90
Yuno	3200	https://drive.google.com/file/d/1-IJNETxkSbM6UG9M9PHFqfHoUsAcbeFF/view?usp=sharing	5	Animes New Gen (divers)	82	93	86	86
All Might	3400	https://drive.google.com/file/d/1oJU3hc86vCDZfktErTg38AuL2wIL2OQU/view?usp=sharing	6	Animes New Gen (divers)	94	85	84	90
Endeavor	3200	https://drive.google.com/file/d/1WqVuJynYbip85cBuF1aAlcGg5kb01tOD/view?usp=sharing	6	Animes New Gen (divers)	92	93	80	80
Eren	3200	https://drive.google.com/file/d/1Z6xa_DWVDdtpxB6zQw9J8eiLXpIjhMYl/view?usp=sharing	6	Animes New Gen (divers)	92	92	82	90
Escanor	3400	https://drive.google.com/file/d/1ZbL52Xo6ZDQvcchU0N96V8BZKQGzMef0/view?usp=sharing	6	Animes New Gen (divers)	94	90	77	80
Meliodas	3200	https://drive.google.com/file/d/1fGP0-cl7VRY8EcpYuWsqrcTeBH-w3IWA/view?usp=sharing	6	Animes New Gen (divers)	93	88	92	83
Mereoleona	3200	https://drive.google.com/file/d/1aQCafQA6cK8B9kSXcYCjpq-0mdujvwfo/view?usp=sharing	6	Animes New Gen (divers)	93	92	88	90
Vangeance	3500	https://drive.google.com/file/d/1edYxtiPF584a5QEpQu_IL-5PDmkhZBds/view?usp=sharing	6	Animes New Gen (divers)	87	94	80	84
Julius	3600	https://drive.google.com/file/d/1rtttL5pSkotN3x0wdkbsZxpXdcNYFt94/view?usp=sharing	7	Animes New Gen (divers)	90	95	86	90
Meliodas	3600	https://drive.google.com/file/d/11gCbYRIl6h22eyF67iCPiGnznTBWsiIV/view?usp=sharing	7	Animes New Gen (divers)	94	90	94	82
Saitama	4000	https://drive.google.com/file/d/1062uFU9iNie0CKvna-Tz6164rqEMsxwD/view?usp=sharing	7	Animes New Gen (divers)	96	70	90	85
Zagred	3400	https://drive.google.com/file/d/14QF5oX9qcIhVE0VMNKq-9ivzXhTuPcBg/view?usp=sharing	7	Animes New Gen (divers)	94	95	85	77
Azumi	2500	https://drive.google.com/file/d/1xLTH8TvKVA_sSFa5bbLJM3GR-4FPyVK5/view?usp=sharing	2	Blake Association	72	87	80	75
Grashona	3300	https://drive.google.com/file/d/1A3XX0LbfgYI1Vc5AU4k3LdhQczwA3OPh/view?usp=sharing	2	Blake Association	88	90	70	80
Kasai	2400	https://drive.google.com/file/d/1__HBvDgk3Dr0GkJe9g6WhpFvW24drktV/view?usp=sharing	2	Blake Association	78	85	86	73
Sakkaku	2600	https://drive.google.com/file/d/1GQJxxfLJwWBa2YLEaTEqws3AyPD3fQ2Q/view?usp=sharing	2	Blake Association	86	87	82	78
Uindo	2400	https://drive.google.com/file/d/1QjA8M5Evs-pQS2q7o9EdrXT7HkY_TUIP/view?usp=sharing	2	Blake Association	78	86	85	73
Alyra	2800	https://drive.google.com/file/d/17p9gKQ58J9v6DU4bRRnCS0Y82h1jdX4k/view?usp=sharing	3	Blake Association	77	87	72	90
Amanda	2500	https://drive.google.com/file/d/1f8XzNMe_XxUan_2VMrDOLUYa8C-m03T1/view?usp=sharing	3	Blake Association	82	87	83	77
Itami	2400	https://drive.google.com/file/d/1dtrO2rlTWfzAFVPJwQ3IN-7C0ySEr1Hi/view?usp=sharing	3	Blake Association	82	86	80	82
Nate	2500	https://drive.google.com/file/d/1opjuB_42Fr_t1kYESRXUAN3NThKnRKZx/view?usp=sharing	3	Blake Association	87	85	82	86
Yon	2500	https://drive.google.com/file/d/1u7JvI-9n_NSBVIZlELYdMFnyWPSkY17J/view?usp=sharing	3	Blake Association	87	83	80	76
Drake	3000	https://drive.google.com/file/d/1-GDYirOfZTRifAaI31fyATjnjstKzksZ/view?usp=sharing	4	Blake Association	88	90	92	85
Elena	2600	https://drive.google.com/file/d/1u-TSSrOGFHSjSSkziOkGKgADE2grZN2g/view?usp=sharing	4	Blake Association	82	89	82	86
Grimpow	2900	https://drive.google.com/file/d/1fqUF_5OMvRhMJsUF2LN5yOmR4EYLOaCH/view?usp=sharing	4	Blake Association	89	80	92	80
Maka	2300	https://drive.google.com/file/d/1Ag7aqNeePFxSaWGCXkJ1cd2-PI1ryhSB/view?usp=sharing	4	Blake Association	86	83	85	79
Marvin	2600	https://drive.google.com/file/d/1CR4w3kjLihK9gFxvLcW05fGgG55dELUy/view?usp=sharing	4	Blake Association	85	87	89	89
Tenma BA	2400	https://drive.google.com/file/d/1UqGQHH86bMujqPVcl3bLQQaA1CvZRUPY/view?usp=sharing	4	Blake Association	83	88	85	87
Luc	3000	https://drive.google.com/file/d/1pmVHwfC0XIs_ItGNdldXuKPbtXWDwW_D/view?usp=sharing	5	Blake Association	69	92	80	90
Malekh	2800	https://drive.google.com/file/d/1jhNZ26Hd_75qNW_8FQY78Qc7-0cnH7oL/view?usp=sharing	5	Blake Association	88	92	84	80
Maugis	3000	https://drive.google.com/file/d/1NflyZ51jA2BKwcfaI748__mhntpRCYIF/view?usp=sharing	5	Blake Association	82	90	92	80
Niniel	2800	https://drive.google.com/file/d/1wIC00rYJ4TXq38Wc-pwq2IfEaSk1ya9S/view?usp=sharing	5	Blake Association	84	92	83	89
Luc	0	https://drive.google.com/file/d/10ft8Kd5TKTSJvHCwmfWmEiaMho7Qkwp0/view?usp=sharing	6	Blake Association	82	95	82	94
Miya	4000	https://drive.google.com/file/d/1s37Ku0eQ4-VP4lkq5nI9oHvNHSSOJ1GC/view?usp=sharing	6	Blake Association	89	60	95	83
Marvin	3800	https://drive.google.com/file/d/1YJiUG2L5mbmSUg9atBqo29mGfnIGSfln/view?usp=sharing	7	Blake Association	90	93	95	88
Morgane	3600	https://drive.google.com/file/d/1WS7ZJlHa6mskzdspYN8-f4ZpE6gZ9q2S/view?usp=sharing	7	Blake Association	85	95	90	90
Tenma BA	3400	https://drive.google.com/file/d/1g8jylpgS7EhXtVQPm5unWQgSuNqSQBG_/view?usp=sharing	7	Blake Association	94	92	87	93
Chad	2600	https://drive.google.com/file/d/1KvJo3wcBM8tqxqtnXsYboqm6dxUA4jHA/view?usp=sharing	2	Bleach	87	78	74	82
Renji	2800	https://drive.google.com/file/d/14-Hkas064EoZmgWa8p4JElRlgTVxTPC1/view?usp=sharing	2	Bleach	88	80	80	86
Rukia	2600	https://drive.google.com/file/d/1GZOem6VIPnCPYMFMGrl1ZRoPAgTmxYNt/view?usp=sharing	2	Bleach	82	84	80	88
Ichigo	2700	https://drive.google.com/file/d/1ru-ZmdZxUP-Mipxg8_qmwoNS0ZdiO8z4/view?usp=sharing	3	Bleach	88	83	82	88
Komamura	3400	https://drive.google.com/file/d/1f39gSFiSv8ZWTaAOXVPl85jWBFMfxTg-/view?usp=sharing	3	Bleach	90	80	80	82
Soifon	2800	https://drive.google.com/file/d/1m8m0bbvF6UYbvTfR4dCj5rb_eVMoLDKk/view?usp=sharing	3	Bleach	88	84	88	77
Grimmjow	3000	https://drive.google.com/file/d/1Tgjdv8IlYe4sDKGJpDqUMzSYmol-A867/view?usp=sharing	4	Bleach	92	85	90	90
Nelliel	3100	https://drive.google.com/file/d/1svB-wWZ5aERlqZSQ_VMdRd4TqgJPxsSV/view?usp=sharing	4	Bleach	93	87	90	86
Toshiro	3000	https://drive.google.com/file/d/1NSpPUewYHx1WCrnMoPYoQf5k0wfkcfI5/view?usp=sharing	4	Bleach	88	89	92	93
Ulquiorra	3400	https://drive.google.com/file/d/1INlqNpbi2cIRhWwcMnU6w-DjjQWzaRbr/view?usp=sharing	4	Bleach	93	88	86	93
Yoruichi	2800	https://drive.google.com/file/d/1dbt67pYTvoOYakX290K-2g-l8gvzxuO7/view?usp=sharing	4	Bleach	88	84	90	88
Gin	3500	https://drive.google.com/file/d/1V5i3ehHynlVWa4I9VBGb_WtX8twiqHrP/view?usp=sharing	5	Bleach	90	90	93	93
Kenpachi	3300	https://drive.google.com/file/d/1Gno-EqEPzM_JKIMSqnY3JM9LGX2f1uPQ/view?usp=sharing	5	Bleach	93	73	80	89
Mayuri	3300	https://drive.google.com/file/d/1Inmp1lddQ880OZ8vcJAG2fS7FypHWLAY/view?usp=sharing	5	Bleach	87	93	83	85
Urahara	3300	https://drive.google.com/file/d/11DabhSWKBVpcOBn_J1WKZFYp8dP1Q0si/view?usp=sharing	5	Bleach	84	93	87	88
Aizen	3500	https://drive.google.com/file/d/14yEk7Y74nToQ3AYv0A-UVawhMRu2Y-L_/view?usp=sharing	6	Bleach	88	94	86	90
Ichigo	3100	https://drive.google.com/file/d/1Oo-ZUiQIJYrlminuzEXhhTMZrFJIwrr1/view?usp=sharing	6	Bleach	93	88	92	92
Ulquiorra	3400	https://drive.google.com/file/d/1LaodOEMtaRqyWjrT_wfaSQo-YC_TJ6Ab/view?usp=sharing	6	Bleach	94	90	90	92
Aizen	3700	https://drive.google.com/file/d/1edeq-845qNDxJ7EX_J8Kr8e7w9vNBPa6/view?usp=sharing	7	Bleach	93	95	89	94
Byakuya	3200	https://drive.google.com/file/d/1f_QTkFiapgsXrmR4T-pDDfKUnoAIk6Ey/view?usp=sharing	7	Bleach	93	94	90	94
Genryusai	3600	https://drive.google.com/file/d/1QiZgpV-MT1hIR7NHQCaV14PRjFT6tvpn/view?usp=sharing	7	Bleach	92	95	82	85
Grimmjow	2900	https://drive.google.com/file/d/1jkGMvwbpxYSaNytcz4jwsIrqggcg-zBG/view?usp=sharing	7	Bleach	90	88	92	93
Ichigo	4000	https://drive.google.com/file/d/1fwLqsPJjAr-ZV_Lc9jCDPLal-VzXn0fW/view?usp=sharing	7	Bleach	95	92	95	92
Kenpachi	3200	https://drive.google.com/file/d/15DgH3sghcrqIE1fTHSFECKYzmVgOc2UQ/view?usp=sharing	7	Bleach	94	86	85	92
Crash	2800	https://drive.google.com/file/d/1ll-AirDwNzKZjmKMB40rxLQ8TpJpZiKV/view?usp=sharing	2	Jeux Vidéos	85	77	82	89
Kanniboul Ebil	2400	https://drive.google.com/file/d/1dA7My14_ZEzl6Vk0lB7MB4KDJuutXtQ2/view?usp=sharing	2	Jeux Vidéos	84	86	77	80
King Tekken	2700	https://drive.google.com/file/d/1N3DruEEWovN-7DfstaX3z7Iw7pidxla3/view?usp=sharing	2	Jeux Vidéos	88	75	82	87
Knuckles	2700	https://drive.google.com/file/d/1FPBu35Ge1lmAjYOqtYrOq4HX1w4GvCJG/view?usp=sharing	2	Jeux Vidéos	88	70	77	82
Lumino	2600	https://drive.google.com/file/d/1T2YvBrgb9dRoAtoS7oNhs2XuL611jKTm/view?usp=sharing	2	Jeux Vidéos	76	87	86	80
Megaman	2800	https://drive.google.com/file/d/1pYiFqZ-Kc_jGVvpLIZEYNTgjK-a5pDGg/view?usp=sharing	2	Jeux Vidéos	88	85	88	80
Sonic	0	https://drive.google.com/file/d/1Ck5zF-LJxGo46emHMYm1f7rz2Jbi8XgM/view?usp=sharing	2	Jeux Vidéos	86	75	88	76
Mob L’Eponge	1900	https://drive.google.com/file/d/1Yi6TKrSQ4ES5L3oO7x9fWvfpuYdJqwto/view?usp=sharing	2	Jeux Vidéos	72	68	80	80
Spyro	2700	https://drive.google.com/file/d/18DXMq98QGmQcGEkWt4gg4bRA1QUNU3PN/view?usp=sharing	2	Jeux Vidéos	83	85	87	88
Toadette	1700	https://drive.google.com/file/d/1uRSLKjohkpvW3U6KxYxBHF5_KZUm2541/view?usp=sharing	2	Jeux Vidéos	68	65	78	79
Vega	2700	https://drive.google.com/file/d/1fkCyQa5XwAB9rlox-AT3NRxJi-xje-0p/view?usp=sharing	2	Jeux Vidéos	88	68	87	82
Yoshimitsu	3200	https://drive.google.com/file/d/1EVbZZ0SaDLfKSYzh4J0YdQQVDkb59ZwG/view?usp=sharing	2	Jeux Vidéos	85	83	90	85
Blanka	2600	https://drive.google.com/file/d/1YcHOw5kpuXymZ8ND3apjOKuS_unhRBSq/view?usp=sharing	3	Jeux Vidéos	87	87	78	85
Bowser	3200	https://drive.google.com/file/d/14OGKY1wzIQkSwLCga8M3ZNzooBSyppJS/view?usp=sharing	3	Jeux Vidéos	90	85	65	89
Damadrya	2600	https://drive.google.com/file/d/1KPErmHVkdrOleAtSPTIrbKxJxDzjUnix/view?usp=sharing	3	Jeux Vidéos	85	88	86	78
Hwoarang	2600	https://drive.google.com/file/d/16WbknE5ZqUPLh2Cg0lV0Ca9Gs5KXpidN/view?usp=sharing	3	Jeux Vidéos	87	80	86	87
Lara Croft	0	https://drive.google.com/file/d/1GZrBzGo5FQ79uy1ua3qe_r5TE5zUffRi/view?usp=sharing	3	Jeux Vidéos	88	70	87	94
Luigi	2600	https://drive.google.com/file/d/1t30M2kZkXQiEM-4O2Qnb_2zRCd5VaMbD/view?usp=sharing	3	Jeux Vidéos	83	78	75	88
Mario	3700	https://drive.google.com/file/d/1DSOL9HvD84pdSwkrFQnmvm7hY7xkK9Q0/view?usp=sharing	3	Jeux Vidéos	82	80	77	93
Mario	0	https://drive.google.com/file/d/1TsVcXvYVhknkA8tc1Y-8qUo5bik63VC2/view?usp=sharing	3	Jeux Vidéos	83	86	78	90
Mario	0	https://drive.google.com/file/d/177k9NGYNMWfyHkegCJ0CFtRdXnjV_Pwt/view?usp=sharing	3	Jeux Vidéos	83	82	88	89
Muratsuki	2600	https://drive.google.com/file/d/1xxSYhzwwj1fBgHBXSOiv07PshKhJOpS4/view?usp=sharing	3	Jeux Vidéos	87	83	80	77
Paul	2700	https://drive.google.com/file/d/1BtV0RGCT09CJ1IyaU4sy_fXPOoQ9VLdy/view?usp=sharing	3	Jeux Vidéos	88	83	75	84
Peach	2900	https://drive.google.com/file/d/1XOmuTaygp8XnUwicpG_lmicTJYH9AFgo/view?usp=sharing	3	Jeux Vidéos	73	74	72	90
Shadow	3400	https://drive.google.com/file/d/10BWF_eE7olKPWByefMW6X6FhKmXW7zeB/view?usp=sharing	3	Jeux Vidéos	80	77	90	85
Sonic	3400	https://drive.google.com/file/d/1gtqY1vmjVB8cRu2VyohZfjICB-011ufB/view?usp=sharing	3	Jeux Vidéos	77	77	90	88
Sonic	0	https://drive.google.com/file/d/1ekJocf7Cm1C6LbZgd32uFUEU2RrD8a-P/view?usp=sharing	3	Jeux Vidéos	84	85	94	84
Sonic	0	https://drive.google.com/file/d/1nOTUAQXKGLX0SjhEIWgkBqrrAe23OViZ/view?usp=sharing	3	Jeux Vidéos	88	80	87	84
Chun Li	3100	https://drive.google.com/file/d/1KeQVCIR4CZT1tgMzSR1ZtvtVlCjKvGRA/view?usp=sharing	4	Jeux Vidéos	92	75	90	88
Dark Vlad	3200	https://drive.google.com/file/d/1Owf55BrO0R3ARvYRV-Fj8qckUL4_09iQ/view?usp=sharing	4	Jeux Vidéos	92	92	85	87
Jin	3400	https://drive.google.com/file/d/1Asdx0qX459VsIbbdvQ8ldyf6yquU4LQC/view?usp=sharing	4	Jeux Vidéos	93	87	80	90
Ken	3800	https://drive.google.com/file/d/1rcu7nTd0D5cJilfR0ZKLCAHNWSCI2SOW/view?usp=sharing	4	Jeux Vidéos	94	83	85	88
Link	3800	https://drive.google.com/file/d/1H5Y72wNLHtxQKhosOXGG8k7_VD2ySvOf/view?usp=sharing	4	Jeux Vidéos	85	80	85	94
Fly-October	3000	https://drive.google.com/file/d/1ikNimXKVBvQ7_pNp-SC1NUDxVy2wE6y3/view?usp=sharing	4	Jeux Vidéos	90	84	78	84
Zelda	3200	https://drive.google.com/file/d/1kCwsYXVjDEOQiZxlRVKWyi_xh457Grah/view?usp=sharing	4	Jeux Vidéos	70	92	76	92
Fly-July	2500	https://drive.google.com/file/d/1bbRROt2QPcfq-62_LOwkfQ8Q9gjju5Js/view?usp=sharing	5	Jeux Vidéos	89	86	80	83
Goultard	3100	https://drive.google.com/file/d/1NJrPWvES8bKF8sbrURAiEBOKj0zlNYwK/view?usp=sharing	5	Jeux Vidéos	92	87	83	89
Heihachi	3400	https://drive.google.com/file/d/1pOauCftmxFwuWVKwbD4gxwGjkLIuvD_H/view?usp=sharing	5	Jeux Vidéos	93	90	82	87
Fly-October	3300	https://drive.google.com/file/d/1klmIsqvTg8fJY9GhyY4d5NWz5o_dOld-/view?usp=sharing	5	Jeux Vidéos	93	86	82	88
Otomaï	3200	https://drive.google.com/file/d/17sLjVamR3z5OwNO7t_Qi5-X3DRRRZKE2/view?usp=sharing	5	Jeux Vidéos	75	92	80	90
Phaedrae	2500	https://drive.google.com/file/d/1-aolVz5vJqXlOtrCJCEcMCGGn7R0IV5P/view?usp=sharing	5	Jeux Vidéos	85	88	82	82
Ryu	4000	https://drive.google.com/file/d/1s-_hQALGM_ohkHufuyfzVgnM4oywjdMu/view?usp=sharing	5	Jeux Vidéos	95	88	77	88
Samus	3300	https://drive.google.com/file/d/18KMnlB3kMLrrbirZpwwltsutwZv-qF3s/view?usp=sharing	5	Jeux Vidéos	93	83	85	86
Arkays	3100	https://drive.google.com/file/d/1oCcMTjkM8JiFtt6d2gWeFZuOMrF5GztZ/view?usp=sharing	6	Jeux Vidéos	78	92	87	92
Bison	4000	https://drive.google.com/file/d/1Ine8Ip2KiYDkbqIWnHDX3Q0hH-LfO_uz/view?usp=sharing	6	Jeux Vidéos	95	93	77	80
Fly-July	3400	https://drive.google.com/file/d/169PMsCGgyAwNpSOecmOj9BUSzqXdWxBh/view?usp=sharing	6	Jeux Vidéos	93	87	82	90
Ganondorf	3500	https://drive.google.com/file/d/1vvxc3cTvW9Vm-pFD4LHkQe6Ge0wSDZR3/view?usp=sharing	6	Jeux Vidéos	93	93	77	92
Grougaloragran	3600	https://drive.google.com/file/d/1Gj7XtIhF5OzxgB7Wdh237pZQQwJ3QiMO/view?usp=sharing	6	Jeux Vidéos	87	94	80	82
Kratos	3600	https://drive.google.com/file/d/1xYtWWYLuR99K9VK_apOAaS8QwoKu-g2W/view?usp=sharing	6	Jeux Vidéos	94	85	82	90
Zagreus	3500	https://drive.google.com/file/d/13ccR_rfEDyDmUAz_c3pSh8PRh3ZQ9roo/view?usp=sharing	6	Jeux Vidéos	93	93	83	84
La Brigade Bancale	3300	https://drive.google.com/file/d/1C7SGeHaSlbio_bg95OyjRuR_XNZr2CN7/view?usp=sharing	7	Jeux Vidéos	93	94	87	90
Nox	3200	https://drive.google.com/file/d/1eysWZStDGart7WNOXcNDB4azAITFjYFo/view?usp=sharing	7	Jeux Vidéos	80	92	93	86
Mario	0	https://drive.google.com/file/d/10XiEJSMqa8SESTTgIP8FGfibzCs5_26-/view?usp=sharing	7	Jeux Vidéos	95	95	92	93
Cerbère	3200	https://drive.google.com/file/d/17LH_iMGUGP3hgVA14f87CtthX1XrApKF/view?usp=sharing	2	Mythologie	90	82	89	86
Cupidon	3400	https://drive.google.com/file/d/1XXo9EjGDAfRF-8GYBuVcD6WzlIvPLTVJ/view?usp=sharing	2	Mythologie	80	86	90	93
Orphée	3200	https://drive.google.com/file/d/17KlukhZ2_ovGsmX5AZnvzn2txOA72IPD/view?usp=sharing	2	Mythologie	73	90	79	86
Ratatoskr	3200	https://drive.google.com/file/d/1k-NfEoaUWbl95M16Oy75W35o7TbfrBsO/view?usp=sharing	2	Mythologie	72	88	90	62
Vulcain	3200	https://drive.google.com/file/d/1OvymJIDEFoNO4D4fqUSB9QMEGkOC74jy/view?usp=sharing	2	Mythologie	90	83	60	80
Bacchus	2900	https://drive.google.com/file/d/1V1I0LhZtGFrDoXPbKL4gazVIO1by46y4/view?usp=sharing	3	Mythologie	89	80	68	90
Bastet	3400	https://drive.google.com/file/d/19R4wruVqkQGqCt7MLE5G5LsQJGM8-L5E/view?usp=sharing	3	Mythologie	83	82	90	84
Chiron	3000	https://drive.google.com/file/d/143HhjEaVsYldnqUXhvXKn52ED6WnXDYo/view?usp=sharing	3	Mythologie	86	78	89	82
Janus	3400	https://drive.google.com/file/d/1pPAS_gPzJs76OgMUKi-Fmb5HIrosoPE2/view?usp=sharing	3	Mythologie	82	85	90	78
Méduse	3600	https://drive.google.com/file/d/1J3tyu0RqHc0kCz1UU6cDGepl9LWQwuaP/view?usp=sharing	3	Mythologie	78	86	92	90
Minothor	3600	https://drive.google.com/file/d/1b_IoLgWJRfrCcIaH7tIvsLbD7tVDu5Ui/view?usp=sharing	3	Mythologie	92	80	76	90
Thot	3500	https://drive.google.com/file/d/1kHOr1fgSPBluBFzSBBZCXCicMwJwscqY/view?usp=sharing	3	Mythologie	79	90	90	88
Anhour	3300	https://drive.google.com/file/d/1mWD4mKL66FR1hnBRFhD-hcTKkTeebW1c/view?usp=sharing	4	Mythologie	93	83	84	79
Freyja	2900	https://drive.google.com/file/d/1JubS_KP5pqrXxynLEUzh-MUIe23EN32K/view?usp=sharing	4	Mythologie	90	82	78	75
Oni	3400	https://drive.google.com/file/d/1G9Dn-mfuJsGUvYecNf66vMdsFzKnl_eN/view?usp=sharing	4	Mythologie	93	80	90	84
Anubis	2900	https://drive.google.com/file/d/1LtZ3XfLRUN2lPJ3FMZcUme_XYV80dOPL/view?usp=sharing	5	Mythologie	88	90	78	83
Apollon	3800	https://drive.google.com/file/d/14gwqBc8WxGEBTzoXv-_OZHf6nBXUomDx/view?usp=sharing	5	Mythologie	77	88	90	94
Horus	3400	https://drive.google.com/file/d/1dsFhL44RWSGVDy9Ay6G3e-UKDmMjmDL9/view?usp=sharing	5	Mythologie	87	86	92	83
Loki	3400	https://drive.google.com/file/d/1AN1idtzn--vsQbRFvl3N15hHg7ByFsQ0/view?usp=sharing	5	Mythologie	83	83	92	89
Amaterasu	3200	https://drive.google.com/file/d/1c2BNHjFDlFXYK2ogXpZHlw7BxL-jDe81/view?usp=sharing	6	Mythologie	88	93	85	92
Athena	3200	https://drive.google.com/file/d/1lGBBAIpre19vQNJdTE5iUS0CYB2euzCm/view?usp=sharing	6	Mythologie	93	84	82	90
Baba Yaga	3400	https://drive.google.com/file/d/1cd6v3P-G7ymXaWAlYTs-o8YUytYFpFH9/view?usp=sharing	6	Mythologie	78	94	64	82
Ganesh	3200	https://drive.google.com/file/d/1aBCC3UPUVE-Fmg6cv_iuzqPk1_iRRRkj/view?usp=sharing	6	Mythologie	93	84	82	90
Hachiman	3400	https://drive.google.com/file/d/1542BHlkT3PND0Jk1LnELt6-rFzNnH2kc/view?usp=sharing	6	Mythologie	93	74	93	84
Nemesis	3300	https://drive.google.com/file/d/14SdbsUtjrvVJOYgxPRfovmLC0R1Gx0U4/view?usp=sharing	6	Mythologie	93	86	92	82
Prométhée	3500	https://drive.google.com/file/d/1Ocvf13DJN_ObeNvF4m6Ik7V2bJVg2VRy/view?usp=sharing	6	Mythologie	94	80	68	92
Santa	0	https://drive.google.com/file/d/1ZLZPJaUibUyQX_s88rs9LDFwxHuS2eKL/view?usp=sharing	6	Mythologie	82	94	93	95
Shiva	3200	https://drive.google.com/file/d/1TW_EUvH0CEaDThpFkfzN_Dlk8m3rSh-e/view?usp=sharing	6	Mythologie	93	90	84	82
Téthys	3500	https://drive.google.com/file/d/1REAV89eVACKucZuACm9qIwgsYvam6DHi/view?usp=sharing	6	Mythologie	89	94	93	80
Thor	3400	https://drive.google.com/file/d/1PEEdibNEN88ixb8LV608fwo7BqthCEHG/view?usp=sharing	6	Mythologie	94	86	80	90
Toutankhamon	3400	https://drive.google.com/file/d/1jf8aj9tEbfSgWvZ8VoiV4Ybc1mB3gNEh/view?usp=sharing	6	Mythologie	72	80	72	94
Aphrodite	3700	https://drive.google.com/file/d/1W2goN299dXUUadbEn8hreUkqshzPVqKz/view?usp=sharing	7	Mythologie	66	93	84	95
Atlas	4500	https://drive.google.com/file/d/1x3Cq_uxeLQScL_aVV76S8vNpWuwROVJo/view?usp=sharing	7	Mythologie	96	88	60	90
Chronos	3800	https://drive.google.com/file/d/13FpA9E9A-TgWafvigjKnEtVUUr4ct50Z/view?usp=sharing	7	Mythologie	94	95	76	92
Hadès	3400	https://drive.google.com/file/d/1wiZgOViV7HsC4T2i6zYlcmIERKPVcsbL/view?usp=sharing	7	Mythologie	82	94	70	90
Héra	3600	https://drive.google.com/file/d/1OkgVsu4relD7peiHKC3HWd82ZjCcNu4D/view?usp=sharing	7	Mythologie	90	95	82	88
Isis	4500	https://drive.google.com/file/d/1NSTKyA2TtNCHr_nc6RYo5ZH6IMlOhfOZ/view?usp=sharing	7	Mythologie	79	96	92	89
Izanami	3600	https://drive.google.com/file/d/1Qeruu32MooCX4JxCZU8szx7sw6jdTkZ5/view?usp=sharing	7	Mythologie	85	90	94	90
Mnémosyne	4500	https://drive.google.com/file/d/1NTI-7pDiwJ9BLGZRsdNf3hTbqH8e6-21/view?usp=sharing	7	Mythologie	80	96	92	86
Morrigan	2800	https://drive.google.com/file/d/1V3w9JropUrJOeY0Xg52qqqIU-svseccZ/view?usp=sharing	7	Mythologie	80	90	88	78
Odin	0	https://drive.google.com/file/d/1aQDbm4s9oCCB44rs1Q4v-7qLXjOa_Ncm/view?usp=sharing	7	Mythologie	95	92	82	90
Osiris	3800	https://drive.google.com/file/d/1dpJMaIcAQgRVfMsVG6QFQ-Ck0V2juQrq/view?usp=sharing	7	Mythologie	95	89	80	90
Perséphone	3600	https://drive.google.com/file/d/1Wb99TWOrkA18Xot8mZkSaoD3X0dUVYpR/view?usp=sharing	7	Mythologie	82	95	88	90
Poséidon	3400	https://drive.google.com/file/d/1Je_Le0k3GbFdrIfd3dshB83d6NJU4ezT/view?usp=sharing	7	Mythologie	89	94	84	90
Sol	3400	https://drive.google.com/file/d/1EmlqBHpLF8vBm983SV0BVYmRyI99ZaSQ/view?usp=sharing	7	Mythologie	86	94	92	72
Thémis	3400	https://drive.google.com/file/d/1tZ-xPPyyIlcb7TqPkddD0EHFnS9fFWnH/view?usp=sharing	7	Mythologie	94	93	83	93
Zeus	3800	https://drive.google.com/file/d/1VKDCICQiEWUz68PHRcCaUC-7PzceteIO/view?usp=sharing	7	Mythologie	95	92	76	92
Hinata	2600	https://drive.google.com/file/d/1A_MxIJo-7-wTU83w_kguzDqWYo6F301o/view?usp=sharing	2	Naruto	83	80	78	87
Kakashi	2800	https://drive.google.com/file/d/14MOLDuo8Z1Ek2MRKR3PiJz8xl-4F9IWX/view?usp=sharing	2	Naruto	87	85	86	88
Lee	2500	https://drive.google.com/file/d/1pJPWhm6JHblA2A6PyQHyz-M_-2f4Kkvm/view?usp=sharing	2	Naruto	86	64	85	85
Lee	2700	https://drive.google.com/file/d/1XQqBAqBMVR6sHBkSWk3QnEW55KRMCsGx/view?usp=sharing	2	Naruto	87	64	86	87
Naruto	2500	https://drive.google.com/file/d/1L_-BObqEgMsYzxPu6SVLM8lwRjAIJSAg/view?usp=sharing	2	Naruto	80	86	78	86
Naruto	3200	https://drive.google.com/file/d/14bGURGM_L_dgtkH5BeUWToaHhsL8vS9z/view?usp=sharing	2	Naruto	86	90	84	86
Sakura	0	https://drive.google.com/file/d/1iiw2Mk4zMA_Li0--OoMFXdkPK7rKvD1h/view?usp=sharing	2	Naruto	75	80	80	73
Sasuke	2600	https://drive.google.com/file/d/1EpSY5ICeAVVuPeU3McgabNOpKbIy6zS_/view?usp=sharing	2	Naruto	82	86	83	87
Sasuke	2900	https://drive.google.com/file/d/1IMxgrb15cXcQnz7CMXieiFTBwH8SNhCr/view?usp=sharing	2	Naruto	89	89	83	86
Shikamaru	2500	https://drive.google.com/file/d/1PbTdnQyqou0056u5NcL4_SsVYCC6joy3/view?usp=sharing	2	Naruto	76	82	77	86
Shukaku	3700	https://drive.google.com/file/d/1fLdlUY0lANgwgH6m2Up00fZJ_I6gr5qa/view?usp=sharing	2	Naruto	92	90	70	87
Gaara	2500	https://drive.google.com/file/d/1lJgL3UUqkg1h-_yiEJED39nHp6J19EST/view?usp=sharing	3	Naruto	83	85	80	85
Isobu	3700	https://drive.google.com/file/d/16asimwgKLKpI4FBadN1Vrb-tARTyuHoP/view?usp=sharing	3	Naruto	92	90	65	80
Kushina	3200	https://drive.google.com/file/d/1KET2IPhhLcJC9wLT7zGn6gJUZCk3lWDH/view?usp=sharing	3	Naruto	82	90	80	87
Matatabi	3700	https://drive.google.com/file/d/1PdD6DU8KJMBtSPn_dkRGEMEMv5aGu8mO/view?usp=sharing	3	Naruto	88	92	90	84
Naruto	3400	https://drive.google.com/file/d/1migTPPY2i8kIEnttoIh3dehudANmbn8L/view?usp=sharing	3	Naruto	85	89	82	92
Naruto	0	https://drive.google.com/file/d/1I_mx02X2bDraV4GhRhAbqCm9erTuQj0p/view?usp=sharing	3	Naruto	87	90	85	90
Neji	2500	https://drive.google.com/file/d/1bvEsi7Ly0xtmliGQ2lsC42eSo_eaSYe5/view?usp=sharing	3	Naruto	85	82	78	84
Obito	3300	https://drive.google.com/file/d/1o-Z8M62o_0T_CB8RSaqVgA3HiCRQstMj/view?usp=sharing	3	Naruto	88	90	84	89
Sakura	2900	https://drive.google.com/file/d/1KwH8RRekHvSzG1ufkDRIsHgqcATlekZ9/view?usp=sharing	3	Naruto	89	80	77	78
Sasori	2500	https://drive.google.com/file/d/19B-TCpcKKEP4yifYK4ZAdyRsMgOBBCS9/view?usp=sharing	3	Naruto	85	78	80	83
Sasuke	3300	https://drive.google.com/file/d/1_M_gaAzCD45HRRkKUojs_TBAkVZNSPbj/view?usp=sharing	3	Naruto	84	90	83	90
Sasuke	0	https://drive.google.com/file/d/1NMSXP3dPtuDsy6YeoAEuIkkvrPLwPICx/view?usp=sharing	3	Naruto	85	92	85	92
Asura	2900	https://drive.google.com/file/d/1N-AcdVFLGPl5Q7mvHz2UpMrOStGjhWMa/view?usp=sharing	4	Naruto	90	87	85	79
Darui	2500	https://drive.google.com/file/d/17wQ40hR-x6NyVOAC4J-Xm0orKm4j-0mW/view?usp=sharing	4	Naruto	87	85	78	80
Deidara	2500	https://drive.google.com/file/d/1FlZmRSelcq0dVyqvUxMC9-uor7YCQ4ax/view?usp=sharing	4	Naruto	80	87	80	87
Deidara et Sasori	2700	https://drive.google.com/file/d/1TcSSmcpWHNzUozdO5kmQAM3LSskuQiFD/view?usp=sharing	4	Naruto	85	89	83	88
Gai	2900	https://drive.google.com/file/d/1XRUBqbggrWV-z7AQtetjvj3ULrLWGu2o/view?usp=sharing	4	Naruto	90	73	88	86
Indra	3200	https://drive.google.com/file/d/19BkFyee1VnZlUvDTJrf6Siskk_ueIzKs/view?usp=sharing	4	Naruto	86	92	84	79
Itachi	3200	https://drive.google.com/file/d/1cozl99VsJqbbHJC6UDJuujKB6nQRPbLR/view?usp=sharing	4	Naruto	83	92	80	90
Itachi	3800	https://drive.google.com/file/d/12UUUli7k3GstH2EiHQjw3wi_bWxPGLZW/view?usp=sharing	4	Naruto	85	94	84	94
Kakashi	2900	https://drive.google.com/file/d/1aI6so3z6zRPKz99X1Io1MtEgNZ4ylfaq/view?usp=sharing	4	Naruto	85	88	82	90
Kakashi	3800	https://drive.google.com/file/d/12Vw8VOvMORLLMHyqpNa_tgZK4XEhREuY/view?usp=sharing	4	Naruto	88	94	86	94
Kakuzu	2400	https://drive.google.com/file/d/1y8sTWdCwxc4K8IT6lVSkzQ_w0wxVEerJ/view?usp=sharing	4	Naruto	86	86	76	80
Kisame	3200	https://drive.google.com/file/d/1lz3huXsPN9BLVhmTG0gDMDmkBuze3Rxi/view?usp=sharing	4	Naruto	89	92	80	85
Naruto	0	https://drive.google.com/file/d/1iYaqfAIYU1Kk8XeE26ZIrOFdtPwn8f3f/view?usp=sharing	4	Naruto	93	93	85	95
Raikage	2800	https://drive.google.com/file/d/1QMHYb0-jPuilWB4nhp5rNWp_yFn1RQHb/view?usp=sharing	4	Naruto	89	85	88	82
Sakura	0	https://drive.google.com/file/d/1nmnHQqV1ldK3ZOh3lgIaAdMsjBPoyXeR/view?usp=sharing	4	Naruto	93	87	80	86
Sasori	2500	https://drive.google.com/file/d/1hwdp050l9Tr92B2UUtKoNx5gCVtOZMMz/view?usp=sharing	4	Naruto	83	86	82	86
Shisui	2700	https://drive.google.com/file/d/1MURuzXLBlPw6T3DXiP4XamFaCEBSMNjq/view?usp=sharing	4	Naruto	83	88	83	86
Son Goku	3000	https://drive.google.com/file/d/1nH7O-odCSt93S8LOacuaTN0SmVBDCy1Y/view?usp=sharing	4	Naruto	92	90	80	80
Tobi	3500	https://drive.google.com/file/d/1oT4fB65cEE9UMPIZo__lgp4-A4EC0YBj/view?usp=sharing	4	Naruto	80	94	84	90
Killer Bee	3000	https://drive.google.com/file/d/154rpIAd0k0qpINwicWKd62yo7MrEGNBM/view?usp=sharing	5	Naruto	90	90	86	88
Jiraya	3600	https://drive.google.com/file/d/1_HWjj7hzmnIhPFhx74qD4adQVAU_MXfa/view?usp=sharing	5	Naruto	87	93	83	94
Kokuo	3300	https://drive.google.com/file/d/1yOEXrUI0BDpPhomIHLxdP53IX3g1TD_R/view?usp=sharing	5	Naruto	87	90	92	73
Konan	2500	https://drive.google.com/file/d/1sNArxgmbCuDvPEDD6AhjKGC7YPJ7K8_J/view?usp=sharing	5	Naruto	80	87	87	85
Kurama	0	https://drive.google.com/file/d/1cyVAdBXyWueeTHU1YZNk0C62P4Hn7m2Y/view?usp=sharing	5	Naruto	88	93	85	90
Minato	4000	https://drive.google.com/file/d/1yCoZ-95_6bZ89D9WxO6Y_4-uJU66EDQl/view?usp=sharing	5	Naruto	84	87	95	93
Orochimaru	3600	https://drive.google.com/file/d/1_JdxuHgoXD2-zJTSspwFQaDvlWtIEBDB/view?usp=sharing	5	Naruto	84	94	86	93
Pain	0	https://drive.google.com/file/d/1a7yGDJt23kMBo4vCylgsGFsiYeRDzuAO/view?usp=sharing	5	Naruto	90	96	87	95
Pain	4000	https://drive.google.com/file/d/1Zeb_h_iHPiWmZc42tQYEHf6YX-iAQnPN/view?usp=sharing	5	Naruto	85	95	84	93
Saiken	3200	https://drive.google.com/file/d/1eKzupm08olHvAIsfzDsXgg0fEQFN7kJv/view?usp=sharing	5	Naruto	87	93	80	75
Sakura	0	https://drive.google.com/file/d/1F7wAxoI_XfGitV-L8zKXWLzpyPVAR_Pg/view?usp=sharing	5	Naruto	94	90	82	88
Tsunade	3600	https://drive.google.com/file/d/1VV-zemhhEHl5OLQUjEQ-3CpjgRPjp-j7/view?usp=sharing	5	Naruto	94	93	83	90
Zabuza et Haku	2500	https://drive.google.com/file/d/1B8NzJn2gTM1lGdYwGbKeNlL6A0mRmjX3/view?usp=sharing	5	Naruto	86	87	82	84
Chomei	3400	https://drive.google.com/file/d/15KX-ZHcQtEH0W3F6uhKkhtvigWngJq9e/view?usp=sharing	6	Naruto	88	92	92	80
Danzo	3200	https://drive.google.com/file/d/1f4brH9vbGrJ5HcSrY9vdyjPSEcpDN6Pq/view?usp=sharing	6	Naruto	82	93	74	65
Madara	4000	https://drive.google.com/file/d/18LgfHMDpACr5tP94DI_NPOVCaIxzElg_/view?usp=sharing	6	Naruto	92	95	90	92
Naruto	4200	https://drive.google.com/file/d/1OIo34ThQxxq4i1V6vsERSgal29y_BYL_/view?usp=sharing	6	Naruto	92	94	92	95
Naruto	0	https://drive.google.com/file/d/10LUEkVPXESawYYsd211hQlLAjUAwLZpH/view?usp=sharing	6	Naruto	92	94	93	92
Obito	3400	https://drive.google.com/file/d/1hocYCQoMz-djpVfvs3rh0KlUWfK6O61j/view?usp=sharing	6	Naruto	86	94	83	88
Sasuke	4000	https://drive.google.com/file/d/1MoLommpPl5uuGn1ut3ebDWDE6oR_bXwV/view?usp=sharing	6	Naruto	85	95	90	93
Statue Gedo	0	https://drive.google.com/file/d/1wjydN4cjZ5xTZsJqGI5g5r7QvOhTCoTh/view?usp=sharing	6	Naruto	94	92	67	78
Tobirama	3800	https://drive.google.com/file/d/1bZyf0cPb_F4s3bZNisvgNNzb4axP-D-Z/view?usp=sharing	6	Naruto	93	89	94	90
Gyuki	3400	https://drive.google.com/file/d/1q2VmQ2NPKnyq90OeEexcJrq25BUIPTwP/view?usp=sharing	7	Naruto	94	92	84	92
Hanzo	2800	https://drive.google.com/file/d/1AmWL9jQkBs4hUM_G-zlsOiMT4KH1BkyZ/view?usp=sharing	7	Naruto	92	88	82	82
Hashirama	3400	https://drive.google.com/file/d/1BNN4jBNAT5AkWN7jyUUZ3HG23G1-eIu2/view?usp=sharing	7	Naruto	94	93	85	90
Hashirama	0	https://drive.google.com/file/d/1YPHxe-fVS8nZZZqGAC--2OdEa-AqQ05G/view?usp=sharing	7	Naruto	96	95	87	93
Jubi	0	https://drive.google.com/file/d/10LaERxMDLSdSNn3TJFvXVEylgPQ1DnzH/view?usp=sharing	7	Naruto	96	97	75	76
Kurama	4500	https://drive.google.com/file/d/1RIBrDkMDhMNBkkavmZgCtKLFBzDV8DRt/view?usp=sharing	7	Naruto	92	96	85	94
Madara	3300	https://drive.google.com/file/d/1u1PvkHOf1LC_4jsZrfntc5g-kRIWjVD_/view?usp=sharing	7	Naruto	93	94	88	92
Madara	0	https://drive.google.com/file/d/1w9DmAX_VgcDk8qmihCi1iIeljGhIYKBy/view?usp=sharing	7	Naruto	95	96	93	87
Naruto	0	https://drive.google.com/file/d/135A0wl1MS5uUYSoMJW6rl6YirMAiEV9m/view?usp=sharing	7	Naruto	94	93	95	93
Obito	3600	https://drive.google.com/file/d/1bibeQdHMzFOXVEkrEJzuejObGIfFJRFQ/view?usp=sharing	7	Naruto	93	95	90	90
Sasuke	0	https://drive.google.com/file/d/1hRKDfybrXeE32tBUhzQGm7l9XfS0PC7O/view?usp=sharing	7	Naruto	92	96	90	93
Apoo	2800	https://drive.google.com/file/d/16TSeNsiSJclPSIxjnP4xcvPoTwVTYHyu/view?usp=sharing	2	One Piece	86	88	84	85
Bartolomeo	2800	https://drive.google.com/file/d/1a8uBwLwwn7x03oOkgqPlo-KxansaPHHI/view?usp=sharing	2	One Piece	83	88	82	86
Bon Clay	2900	https://drive.google.com/file/d/1MxEzW401my5pv7qTLs4lVUiBfJeQ5_vj/view?usp=sharing	2	One Piece	85	86	85	90
Brook	2000	https://drive.google.com/file/d/1q2RSJewK8DRtDuUn5x6RA9F9HbED7ZMO/view?usp=sharing	2	One Piece	74	60	70	80
Chopper	2800	https://drive.google.com/file/d/1KfC3vwrZjdsX_mevKYksjXhqhFNnwdWn/view?usp=sharing	2	One Piece	60	83	77	89
Francky	2400	https://drive.google.com/file/d/1qhs6HgFl85BaRpxte8uT8Dyot-rXfloD/view?usp=sharing	2	One Piece	85	73	76	86
Nami	2700	https://drive.google.com/file/d/1O5GOzPOmkfT2Hc2lCuy87kA7g3Ml2bfq/view?usp=sharing	2	One Piece	72	76	75	88
Sanji	2800	https://drive.google.com/file/d/1eXtIf4TFYQ8NWafxoq_ruj1vv9vsb0S0/view?usp=sharing	2	One Piece	86	77	85	88
Rouge	2800	https://drive.google.com/file/d/18LPfU-BLy5zUcEZBXMwLzDV73sZNURzn/view?usp=sharing	2	One Piece	88	86	80	85
Usopp	2000	https://drive.google.com/file/d/1yVvGkyTuCSl9gFKcFDF9y6rdJ1_KGMpo/view?usp=sharing	2	One Piece	74	60	70	80
Baggy	3500	https://drive.google.com/file/d/1n_LUAVS_3HyPmWFepT3-IFNIjzYO-HAe/view?usp=sharing	3	One Piece	80	92	82	92
Boa	2600	https://drive.google.com/file/d/1kaztiqiDkgczTjMY8pFpvDQazp_uoLnr/view?usp=sharing	3	One Piece	80	87	82	88
Burgess	2600	https://drive.google.com/file/d/1igE-GHaSCntXMz_9OZZzSXXBTG0XIcOc/view?usp=sharing	3	One Piece	87	84	84	84
Ceasar	3200	https://drive.google.com/file/d/1BNpP4luSdOl5h5I2c3QGijd8zfJvCWwu/view?usp=sharing	3	One Piece	87	90	83	87
Hawkins	3200	https://drive.google.com/file/d/1mYowarVDwLjbSzxf8XoM8q-9WdSP0TpG/view?usp=sharing	3	One Piece	86	90	82	85
Jinbe	3000	https://drive.google.com/file/d/1UOCtBwWrwXZDhO61KTldD8RwhY1BgDTE/view?usp=sharing	3	One Piece	90	82	84	89
Luffy	2900	https://drive.google.com/file/d/1CwVgC3w0_pUtkUs9-PNgqWFOgH32tBcn/view?usp=sharing	3	One Piece	87	84	85	90
Luffy	0	https://drive.google.com/file/d/11-xRH-3WNbb4_31SD5x_bstvRLl19tqj/view?usp=sharing	3	One Piece	87	83	85	90
Vista	3500	https://drive.google.com/file/d/129w2jHl8QJDUMa-zxLJQqZslf8wgv2Vg/view?usp=sharing	3	One Piece	92	90	88	84
Zoro	2900	https://drive.google.com/file/d/1NYZzDy4wHVdMrzufQZfxtsYHU1SHW3Hn/view?usp=sharing	3	One Piece	88	80	78	90
Ace	2200	https://drive.google.com/file/d/1BqtxvIMrP11212dSl_wVuKinmK3NKTQu/view?usp=sharing	4	One Piece	83	85	79	86
Ace	3500	https://drive.google.com/file/d/1E0BIhmMyKUD804a-emHL32tBOaaPz4TY/view?usp=sharing	4	One Piece	86	90	84	94
Capone	2500	https://drive.google.com/file/d/1rd8piIV443zNlsrH2kbmAXpiKqICzYg9/view?usp=sharing	4	One Piece	88	86	84	88
Ceasar	3200	https://drive.google.com/file/d/1ql9s-sKjwOFGBR0I-fuXyWA0UH84h6tM/view?usp=sharing	4	One Piece	89	92	84	87
Ener	2400	https://drive.google.com/file/d/179kloTDfmpsSBIyTysDQYw7d_XQ2RWtd/view?usp=sharing	4	One Piece	82	86	88	84
Gecko Moria	3000	https://drive.google.com/file/d/1Qg8Puwu4ti1u7JcxsL5nW3DMAowF6Ww8/view?usp=sharing	4	One Piece	86	90	84	85
Joz	3200	https://drive.google.com/file/d/1xWpKBxnKFMV50f7jkluTUryoX46UlXt7/view?usp=sharing	4	One Piece	92	87	84	85
Killer	3000	https://drive.google.com/file/d/1IwEVFJwFH74ftieIAFkowNkqq-Hu9V6w/view?usp=sharing	4	One Piece	90	89	87	86
Law	3400	https://drive.google.com/file/d/1vaCCU30yyAiDHk1DjNiAk2YixR7y2X59/view?usp=sharing	4	One Piece	85	93	84	92
Lucci	3200	https://drive.google.com/file/d/1iEUM1LrqTZTVm0yVpySFuoEQIDlofSaV/view?usp=sharing	4	One Piece	86	84	90	92
Luffy	0	https://drive.google.com/file/d/1gewYzMoI9uvLvPOrwQgpA-7z9jqsgRwy/view?usp=sharing	4	One Piece	90	84	87	85
Queen	3200	https://drive.google.com/file/d/1gbk67HMjoHkDGA5snvlXMB_sqnH_wKED/view?usp=sharing	4	One Piece	92	88	85	88
Sabo	3200	https://drive.google.com/file/d/1hR7LdS9xfrXWl15CZFL4CZbGFmoiS-uv/view?usp=sharing	4	One Piece	90	92	82	90
Sengoku	3000	https://drive.google.com/file/d/1dku-2kJjL3xfLBlWl5400kaSpJhFmFjY/view?usp=sharing	4	One Piece	89	90	84	87
XDrake	3000	https://drive.google.com/file/d/1Is47wRvhwYKvZeCxKJj_ZRcuyV0N8wsH/view?usp=sharing	4	One Piece	90	90	83	87
XDrake	2700	https://drive.google.com/file/d/17SvAHnYeUqCDr7o7Uv0FEcDz1QDUZ8Nk/view?usp=sharing	4	One Piece	88	88	80	84
Yamato	3000	https://drive.google.com/file/d/1QOaCFRZH0kv6o475ZnBoOj-VbLhq214k/view?usp=sharing	4	One Piece	90	90	83	88
Ace	3200	https://drive.google.com/file/d/1tcV9rIsR-3RXTnKwHrTM95ZzM55oLHKE/view?usp=sharing	5	One Piece	85	92	80	93
Akainu	3200	https://drive.google.com/file/d/1_dLd4qz9ZnKWoryToAFW46ierKuYkCbA/view?usp=sharing	5	One Piece	92	90	83	78
Aokiji	3100	https://drive.google.com/file/d/1V4R5gz8BjUuM4heqfjZTvDfrLibNe71E/view?usp=sharing	5	One Piece	84	92	85	86
Crocodile	3200	https://drive.google.com/file/d/1AHJ6Eo7GbFiEc1LBBM2wZys1jPzkCytO/view?usp=sharing	5	One Piece	90	88	82	92
Doflamingo	3400	https://drive.google.com/file/d/1PQI9Hh_J9kuwdR69dy0VWS35rDGZLj5c/view?usp=sharing	5	One Piece	84	93	83	93
Katakuri	3400	https://drive.google.com/file/d/1Oa9VXH3RYDbWQnQEcExqzR0pmcGQvHwc/view?usp=sharing	5	One Piece	93	90	90	92
Kid	3200	https://drive.google.com/file/d/1pauVkq8P33xqmM8UppcVgy_be6hLQzn3/view?usp=sharing	5	One Piece	90	92	84	92
King OP	3200	https://drive.google.com/file/d/1X6kdrvOFc-CvLVAHiqH42c67LJ79AIpL/view?usp=sharing	5	One Piece	92	90	85	88
Kizaru	3300	https://drive.google.com/file/d/1nwWY8J5VUOI6x5qYNr58rjNAKl2Qo8TI/view?usp=sharing	5	One Piece	87	89	92	86
Lucci	3500	https://drive.google.com/file/d/1vEy4pRF8gSkqpq7mV_4cnujLBkaylsn3/view?usp=sharing	5	One Piece	88	86	93	92
Megallan	3000	https://drive.google.com/file/d/1WJyh_pQW-lhiaagOm9oKfKbJtb-vYT_S/view?usp=sharing	5	One Piece	88	90	78	82
Marco	3400	https://drive.google.com/file/d/1bulXaa4oz9_SkTZzfllcow2adXWy51wL/view?usp=sharing	5	One Piece	85	93	86	90
Shiliew	3200	https://drive.google.com/file/d/1BTsObxqjmBAtoZGijTC7wgzqYGxqIoVl/view?usp=sharing	5	One Piece	92	87	90	87
Zoro	3500	https://drive.google.com/file/d/1DkNQ-NUuzA_FrnvkU0-M4DKPxWujDEFY/view?usp=sharing	5	One Piece	93	89	84	93
Barbe Blanche	4000	https://drive.google.com/file/d/1Z4e290-PmClwj34piKEg2iSN4ssx-7DB/view?usp=sharing	6	One Piece	95	93	80	93
Big Mom	3600	https://drive.google.com/file/d/1RvGSEuDrvyxwDuqmOnTnfo_4dkEWyJm4/view?usp=sharing	6	One Piece	94	93	75	80
Fujitora	3400	https://drive.google.com/file/d/1IIbITQHy0dFxE7rhnU_8KggnZkcL5sWm/view?usp=sharing	6	One Piece	90	93	80	89
Kaido	3600	https://drive.google.com/file/d/1Z7U8zt9o4_umQE9zZbULLybwTyQOsuQ3/view?usp=sharing	6	One Piece	94	90	84	90
Kuma	3400	https://drive.google.com/file/d/1PwQ6VLmHG_eW_YE0ZJIe6U8EF1dSyE3c/view?usp=sharing	6	One Piece	93	93	83	90
Luffy	0	https://drive.google.com/file/d/1QxNUdIA3npkmDzgEfFxKG0dpAWkS_ZHT/view?usp=sharing	6	One Piece	93	85	92	90
Mihawk	3400	https://drive.google.com/file/d/1KwvrNom3bJC14yYSdBphAWRmrjCvG8zF/view?usp=sharing	6	One Piece	93	90	85	93
Oden	3400	https://drive.google.com/file/d/1WDa2ysRxFSdBg1Iwv7uLpp4bAtOOKieK/view?usp=sharing	6	One Piece	93	88	90	93
Perospero	3300	https://drive.google.com/file/d/1Gt_pjZWaJCEXFLe32DecXLPxO3kF4RsB/view?usp=sharing	6	One Piece	88	93	84	84
Sengoku	3400	https://drive.google.com/file/d/1cv2N6ReT6PQ-FRkn_HVjmW_yHoxX3ilM/view?usp=sharing	6	One Piece	93	92	86	87
Kaido	0	https://drive.google.com/file/d/15j5uVwo84X9wL9c4yW88Hk916SIxgTeD/view?usp=sharing	7	One Piece	95	93	86	92
Kaido	3000	https://drive.google.com/file/d/1TZBonNYmRd3Pg_2SSPwAppsBOZk5GPfT/view?usp=sharing	7	One Piece	93	92	86	90
Shanks	3800	https://drive.google.com/file/d/1I7L1_jr8IOIF79anG32BoUo_iVCwxTIU/view?usp=sharing	7	One Piece	94	95	92	94
Teach	3700	https://drive.google.com/file/d/1lJJyI0n_J01qMRBwmM4OdHwZRd1e6ZOW/view?usp=sharing	7	One Piece	93	95	82	90
Yamato	3000	https://drive.google.com/file/d/1mKIJMaKdK6YFLEpk3QBOPQhWRhjIRkyX/view?usp=sharing	7	One Piece	93	90	88	92
Absol	2500	https://drive.google.com/file/d/1VFsekjHvkTrX72OVf_0CcKlMalQu0kzV/view?usp=sharing	2	Pokémon	80	82	85	85
Celebi	3400	https://drive.google.com/file/d/1Hq7HHX_ihlz7z6HQAp9L0So3NgwpX7KJ/view?usp=sharing	2	Pokémon	60	92	85	87
Clamiral	2700	https://drive.google.com/file/d/1XizZxiMmAS9wuRE6raGmkTGhr6Ir4e5L/view?usp=sharing	2	Pokémon	85	87	87	85
Démolosse	2400	https://drive.google.com/file/d/1_McbP_eV-bXzfKi_VEdmVaxq_DcP1SkT/view?usp=sharing	2	Pokémon	82	84	85	77
Dimoret	2200	https://drive.google.com/file/d/1YDRv62LoVxfjI-YhAziUYB_I39xAeTDa/view?usp=sharing	2	Pokémon	82	77	80	76
Feurisson	2200	https://drive.google.com/file/d/117O7ivyNG0lTCPNNVVwiZzdeiaqhLXye/view?usp=sharing	2	Pokémon	75	82	82	77
Insécateur	2200	https://drive.google.com/file/d/1pCrJq9NmgabF52uI9npXsZIjtJ_60jxe/view?usp=sharing	2	Pokémon	82	73	83	80
Lokhlass	2500	https://drive.google.com/file/d/1yfOIy3FvAh3eduZBJCtB33JqnEtQeQb1/view?usp=sharing	2	Pokémon	80	86	83	85
Lougaroc	2300	https://drive.google.com/file/d/1ysABhataWb7MMFQnfLJYrRYT0QnnGlzS/view?usp=sharing	2	Pokémon	84	80	85	82
Mackogneur	2900	https://drive.google.com/file/d/10Z86BUTywIUUrb0bePRBokZTA8fBe0we/view?usp=sharing	2	Pokémon	89	66	78	82
Onix	2900	https://drive.google.com/file/d/1C6oTB_8x8ayWQkCkQLnm-HJHqKoxt0OE/view?usp=sharing	2	Pokémon	89	70	64	82
Shaymin	3300	https://drive.google.com/file/d/1xf2TDhIrmOS33WeHkmcOvQogNlEK58NS/view?usp=sharing	2	Pokémon	65	90	90	85
Tiplouf	0	https://drive.google.com/file/d/1FfruOMKW_iZtwy573F6XFOpjlsa9KjDf/view?usp=sharing	2	Pokémon	86	92	88	95
Artikodin	2700	https://drive.google.com/file/d/1TRwD35RTVyDgj27fkSNA_irXGiicS3XL/view?usp=sharing	3	Pokémon	83	89	88	83
Dracaufeu	2900	https://drive.google.com/file/d/184GDesCu6RoiuBL-wMJt9aPZH1Y01HKO/view?usp=sharing	3	Pokémon	87	87	78	90
Dracaufeu	3600	https://drive.google.com/file/d/1abRfmJJIU_vM9rOqLOcI3xpfR9jnwYhT/view?usp=sharing	3	Pokémon	92	90	85	93
Dracolosse	2700	https://drive.google.com/file/d/1sJ0Hl2SpYpL4q_9vrjcAil9luIWm8mQD/view?usp=sharing	3	Pokémon	82	87	83	88
Electhor	2700	https://drive.google.com/file/d/1MVGFt5hX4NedzP7V0svc_MhinB2XAq_M/view?usp=sharing	3	Pokémon	83	89	87	85
Florizarre	2800	https://drive.google.com/file/d/1WV4N8QMmgbYRBoXSnA86JQd6Q4RC3nzq/view?usp=sharing	3	Pokémon	87	87	70	89
Lucario	2500	https://drive.google.com/file/d/1fI_a-2ooJ3U5T8WFuUVAlSyeD1SuwqFU/view?usp=sharing	3	Pokémon	84	77	76	86
Lucario	3200	https://drive.google.com/file/d/1T68QtDesSquWG1MtgvoCdvwNn87GL9-e/view?usp=sharing	3	Pokémon	88	86	86	92
Pyrobut	2900	https://drive.google.com/file/d/1Z9yF_0CqE9ZbX7HHxrWcTFvRqvSa8PrQ/view?usp=sharing	3	Pokémon	84	85	89	80
Sulfura	2600	https://drive.google.com/file/d/1pPeyNWBB14CwycNT2AftCqSolGh8T0GJ/view?usp=sharing	3	Pokémon	84	87	88	85
Tortank	2900	https://drive.google.com/file/d/1ScgB4TXxyb9hxVHlcwlaCc53x4jxXo68/view?usp=sharing	3	Pokémon	88	85	77	90
Zeraora	3300	https://drive.google.com/file/d/1Xx4AqlGKkc_aOFiQI6kMGwY8lgjiwUy7/view?usp=sharing	3	Pokémon	86	88	92	82
Amphinobi	3300	https://drive.google.com/file/d/1_z6CiAR2BxJ91giCdQ0o_H08b7MLH9Eq/view?usp=sharing	4	Pokémon	89	85	92	87
Brasegali	3500	https://drive.google.com/file/d/1C2--gkXSX9T6npAvStYRk90odEPDbTIH/view?usp=sharing	4	Pokémon	88	83	93	92
Carchacrok	3600	https://drive.google.com/file/d/17hqQHTABm7raxmg5vVE-IaLUmdkIkBmf/view?usp=sharing	4	Pokémon	92	80	88	94
Darkrai	3400	https://drive.google.com/file/d/14kIPQs4dAPoMSnhrAtXiTGXJkBGVCpjs/view?usp=sharing	4	Pokémon	70	93	84	83
Giratina	3600	https://drive.google.com/file/d/1upI6qq_6GpqtaHgWczbim8iZLA_0sSST/view?usp=sharing	4	Pokémon	92	93	90	94
Giratina	3600	https://drive.google.com/file/d/1PyKDXjl8cOQHv6PeNWuo-Hs7-LLriT3k/view?usp=sharing	4	Pokémon	92	94	90	92
Jungko	3300	https://drive.google.com/file/d/1im1bK7RRGaIPRMoq5LGuIcdRkUEKcAkk/view?usp=sharing	4	Pokémon	90	82	92	92
Latias et Latios	0	https://drive.google.com/file/d/1C8-3liO1HcK3iMtst4YgHpx5IpCwZb7T/view?usp=sharing	4	Pokémon	85	90	94	92
Pikachu	4000	https://drive.google.com/file/d/1luF-B4EAsCIN0a6KKugU8lb-FmlCBr9N/view?usp=sharing	4	Pokémon	77	86	88	95
Pingoléon	3600	https://drive.google.com/file/d/1P9SkZ9JFvrzSQqIkT7HQ-SCZgB-tzhqL/view?usp=sharing	4	Pokémon	88	86	87	94
Tortank	3200	https://drive.google.com/file/d/1Q4lck5M7caRnk33T8dJ0xqe2jCKYIM-x/view?usp=sharing	4	Pokémon	92	87	73	89
Tranchodon	3200	https://drive.google.com/file/d/1hW6IIcyJiFJ8t3Y0q-fLoU-jjvql2eAw/view?usp=sharing	4	Pokémon	92	84	78	90
Tyranocif	3200	https://drive.google.com/file/d/14pzFkAkH1hs_HHiK7MZNAGpuHHauzplf/view?usp=sharing	4	Pokémon	92	76	70	90
Dracaufeu	3600	https://drive.google.com/file/d/1rzYuC0VyNA9ygtfz5P4OjrmU_pa1Xz8d/view?usp=sharing	5	Pokémon	90	90	86	94
Entei	3100	https://drive.google.com/file/d/1QssA1Qr1--EYLcpMTUcfqJhSLZb0ozHD/view?usp=sharing	5	Pokémon	92	87	88	84
Groudon	3800	https://drive.google.com/file/d/1jMoPDCWNclRX4fISs-Y1d7FGhWMyx0tJ/view?usp=sharing	5	Pokémon	94	90	68	90
Kyogre	3400	https://drive.google.com/file/d/1vhFQNv8kf4hPSAIQFGYHPViWHdomPiYN/view?usp=sharing	5	Pokémon	93	92	72	90
Lugia	3700	https://drive.google.com/file/d/1KItTrlneAOfSH_1RHFJzMlGJ_6wiiIbS/view?usp=sharing	5	Pokémon	86	94	88	93
Mew	3700	https://drive.google.com/file/d/1FzirolUBchEXgfE2pNxmx85wA-EGEOwv/view?usp=sharing	5	Pokémon	60	94	90	93
Reshiram	3200	https://drive.google.com/file/d/1y9bSLX-nquftQ5Ku-HP3RdHVA7qbmXdk/view?usp=sharing	5	Pokémon	87	92	92	88
Yveltal	3600	https://drive.google.com/file/d/1cyeIPOW_BuQ4QCXGA2SJqejc_PpXYVaN/view?usp=sharing	5	Pokémon	88	90	93	83
Zekrom	3200	https://drive.google.com/file/d/1kHgD_qizixjPMr2mkgqpOZ4yp7b_qz62/view?usp=sharing	5	Pokémon	92	92	87	88
Arceus	4000	https://drive.google.com/file/d/1M2PSQXgcHFNTLVIayaNT0E5-1Qn3gi-w/view?usp=sharing	6	Pokémon	80	95	87	89
Genesect	3700	https://drive.google.com/file/d/1dSG46-jaLP2K0cjkJ36gKXoegYrPfLbJ/view?usp=sharing	6	Pokémon	92	88	93	82
Kyurem	3400	https://drive.google.com/file/d/1WMcAEwmNxXVzwGbTA3zIlZDhJ4R9UrVa/view?usp=sharing	6	Pokémon	88	93	73	84
Mewtwo	3600	https://drive.google.com/file/d/1DTHphm-rrnD-RFR3b3X91AQPfsQtYXnS/view?usp=sharing	6	Pokémon	84	94	83	93
Rayquaza	3800	https://drive.google.com/file/d/1_SqPOIMVZ7Rwj59HH9QBmQAcT6-8px5P/view?usp=sharing	6	Pokémon	86	90	94	93
Deoxys	3800	https://drive.google.com/file/d/10ne-blX4mKqPdxNO2RPDhQqP0eB9M_WK/view?usp=sharing	7	Pokémon	85	92	95	90
Dracaufeu	3000	https://drive.google.com/file/d/1Yn2iC-pH1cvZsTSXvKhm2KuvLwD-hvpe/view?usp=sharing	7	Pokémon	90	93	83	93
Mewtwo	3100	https://drive.google.com/file/d/1c2lczG7pD9QlG1n7jxj_8oDANbvXUxvv/view?usp=sharing	7	Pokémon	78	93	86	90
Mewtwo	0	https://drive.google.com/file/d/1c_eX4Zdf4kyuQZw-MobN0Z01a1hHY3Nn/view?usp=sharing	7	Pokémon	88	95	87	94
Mewtwo	2900	https://drive.google.com/file/d/151iKVbCv0RkFJ5K4who24D_aGDiyg5bv/view?usp=sharing	7	Pokémon	88	88	80	92
Del Potro	2700	https://drive.google.com/file/d/1R_PzxoX8gvuwhs-l8FyurJ9f6ErsqI9N/view?usp=sharing	2	Sportifs	88	76	76	87
Gerson	2600	https://drive.google.com/file/d/1CnBL9lkpSUft-AP7psjKr09Lyd_Desd4/view?usp=sharing	2	Sportifs	84	87	84	88
Giroud	2500	https://drive.google.com/file/d/1-eC9T6AK7epyWtoG_cxucXd1wmTmlPa8/view?usp=sharing	2	Sportifs	86	74	73	86
Guendouzi	2700	https://drive.google.com/file/d/14OSrtcjCIqHIvY9bwLZC7e_obf8tnkfE/view?usp=sharing	2	Sportifs	84	83	83	88
Morant	2700	https://drive.google.com/file/d/1JRFJTf7AjPG2rgHZf4RthMqOo4PHuKpl/view?usp=sharing	2	Sportifs	86	84	88	88
Mysterio	3200	https://drive.google.com/file/d/11cjbdh6KCIScnnTBKS5tGBIjETlT68JF/view?usp=sharing	2	Sportifs	80	83	86	92
Rose	3200	https://drive.google.com/file/d/16h3pi_jYL-P4Oofxe4gyYV6jrOY4ihKO/view?usp=sharing	2	Sportifs	82	80	84	92
Tatum	2700	https://drive.google.com/file/d/1J_ZFbsXAhcUNNHnvMdDgULy3dFDy2I3W/view?usp=sharing	2	Sportifs	85	87	85	88
Tsonga	2600	https://drive.google.com/file/d/1nUJcrEV2-tkMZpOQG40Ljq1eOb82db29/view?usp=sharing	2	Sportifs	87	78	80	85
Yoka	2800	https://drive.google.com/file/d/1yJlQ8I2ln-_5tlqrJJSyMzhyYZSRS9_o/view?usp=sharing	2	Sportifs	89	73	80	80
Balor	2600	https://drive.google.com/file/d/1xc6hBNIeP6K2EYCXuCK2aJhqMvxkLA7c/view?usp=sharing	3	Sportifs	84	87	87	85
Banks	3600	https://drive.google.com/file/d/1X9gshsm1h69WmqA5wgcTdkVA4Bli79a6/view?usp=sharing	3	Sportifs	87	88	85	93
Biles	2700	https://drive.google.com/file/d/1CnO2DN8NQ-a7GkYWTdZsT8uwDA-6HeWL/view?usp=sharing	3	Sportifs	89	88	87	87
Drogba	3400	https://drive.google.com/file/d/13tXStQ1AaxHlZIrf2Oo0CbHEjQjQ67m0/view?usp=sharing	3	Sportifs	88	85	90	92
Nasri	3000	https://drive.google.com/file/d/1iAQ7EeXiUTEoEurJQQcaygWWJJfieiOR/view?usp=sharing	3	Sportifs	87	88	85	90
Payet	3200	https://drive.google.com/file/d/1pdszIkwUx6QgbzBee4_g3c3U2WL90iy_/view?usp=sharing	3	Sportifs	82	90	76	90
Rousey	2700	https://drive.google.com/file/d/1g3PI1fAKIcOF7LBLW66urP-fbD7kLon-/view?usp=sharing	3	Sportifs	88	80	86	87
Zidane	0	https://drive.google.com/file/d/1E-rRJ-iR-iXHD3QWuGOdUS7LHAQs2PoY/view?usp=sharing	3	Sportifs	82	86	80	84
Beckham Jr	3500	https://drive.google.com/file/d/1nT7MYKVVU_3-zrX-cxFHkxh7dlGwCSl9/view?usp=sharing	4	Sportifs	90	84	93	90
Becky	3600	https://drive.google.com/file/d/1Y_rGpbt7HN5lCEVqBqc6lXLuXIst4AAg/view?usp=sharing	4	Sportifs	90	86	83	94
Benzema	3600	https://drive.google.com/file/d/1v2PFB40Uxhe3X_vHbk1D00mszKFSIpbk/view?usp=sharing	4	Sportifs	85	89	87	94
Charlotte	3200	https://drive.google.com/file/d/11Xe9-q2k-YKvxBtSzusXzMM0TlvuWbq9/view?usp=sharing	4	Sportifs	92	86	82	92
Lara Gut	3500	https://drive.google.com/file/d/1-JJLxURSYnu69WK6LSrSvK77OGkQOV47/view?usp=sharing	4	Sportifs	75	70	93	87
Iverson	3300	https://drive.google.com/file/d/1bUJHHpZDzVH5oAGUCyG8PgH0W2uB5mK7/view?usp=sharing	4	Sportifs	83	92	92	87
Jeff Hardy	3300	https://drive.google.com/file/d/1bFr8jq0sOo0TP14_hh_EUAj8h2eOv4Ne/view?usp=sharing	4	Sportifs	84	85	88	93
Kobe	3500	https://drive.google.com/file/d/1ZM9g4rLOd2C_l7SOwgIL_9pREMswEJz9/view?usp=sharing	4	Sportifs	92	85	93	90
Leclerc	3500	https://drive.google.com/file/d/1zlmvNsxICtUekq1_PeqgIZ8MF97sOmH2/view?usp=sharing	4	Sportifs	84	78	93	90
Mc Gregor	3300	https://drive.google.com/file/d/1p49UUB-OlKXM5uhK0c7ytlLp5ap35Cmf/view?usp=sharing	4	Sportifs	92	80	84	93
Pirlo	3200	https://drive.google.com/file/d/1_MWWWqM7Wa_o8VWEmemLVi74WT8O47Z5/view?usp=sharing	4	Sportifs	80	92	68	90
Vonn	3700	https://drive.google.com/file/d/1zAUonMoSkwNB4oUYYUkz9a8g8HFRmsam/view?usp=sharing	4	Sportifs	78	70	94	89
CR7	0	https://drive.google.com/file/d/1h1WmlS_cWHgZucrqOLqFBd9ZqhDS92pr/view?usp=sharing	5	Sportifs	86	90	89	92
Curry	3600	https://drive.google.com/file/d/1rWEb9cS_lLjS9JlsUHgDKDVX--6735rW/view?usp=sharing	5	Sportifs	82	93	93	94
Verstappen	3200	https://drive.google.com/file/d/1DaTCEPJlqFmCWR-F0Y-rZ329wgHZ_j0v/view?usp=sharing	5	Sportifs	85	82	92	86
Reigns	3000	https://drive.google.com/file/d/1nB0by6VYfHwEpIzwMJUYpdMMN6XREOsN/view?usp=sharing	5	Sportifs	90	82	80	87
Reigns	0	https://drive.google.com/file/d/1U0SvrIPDBoOeedUSad6aJNgt3iT6eVS-/view?usp=sharing	5	Sportifs	95	87	85	94
Ronaldinho	4000	https://drive.google.com/file/d/13FnnW0BuanReJCnt0_cvmxgmy4oXO1F1/view?usp=sharing	5	Sportifs	78	95	90	94
Serena	3400	https://drive.google.com/file/d/14sPLEAXVNHXWh4VRzhWc4Eav0MI5FVLB/view?usp=sharing	5	Sportifs	93	77	82	90
HHH	3000	https://drive.google.com/file/d/1yFORPE1AtAIn2YM5-r4foP4HDRRPV7Mi/view?usp=sharing	5	Sportifs	90	83	76	89
Bolt	4500	https://drive.google.com/file/d/1TyP8OsJShgvupTQtlubM5VD75Saimo9S/view?usp=sharing	6	Sportifs	86	73	95	93
Cena	3400	https://drive.google.com/file/d/17EuHYSRIMNGH584UxdvzOr_e93hdVU29/view?usp=sharing	6	Sportifs	94	73	75	93
CR7	0	https://drive.google.com/file/d/1BIPgHsJHfHTkgsNRmf9Vgx3hZWmn-Dvf/view?usp=sharing	6	Sportifs	89	87	90	93
Djokovic	0	https://drive.google.com/file/d/1RXq5aXrDQhgE4-dm15lXnZwGDGNm9chS/view?usp=sharing	6	Sportifs	94	87	92	93
Federer	4000	https://drive.google.com/file/d/1ezhOEq82pVZL6IVomZjps43K4x5tziih/view?usp=sharing	6	Sportifs	83	95	85	94
Kobe	3300	https://drive.google.com/file/d/1Qe-1YjfzCpVwt4yslbniHiaRXuNLV6mL/view?usp=sharing	6	Sportifs	92	88	88	94
Kobe	0	https://drive.google.com/file/d/1yjf3aFADcFVetkQC7zkMXjeCLibqNgkv/view?usp=sharing	6	Sportifs	93	87	93	95
LeBron	3300	https://drive.google.com/file/d/1MPE6zBfKpgRFm4VYpBKKKpu3-Nf_vJu1/view?usp=sharing	6	Sportifs	93	88	87	94
Lesnar	3400	https://drive.google.com/file/d/1rBp80DElzM5eA2Odiow9NmTH8u3K87Yq/view?usp=sharing	6	Sportifs	94	77	80	88
Hamilton	3300	https://drive.google.com/file/d/13EgWwakSO51Lf89h5dDyydXxyEvT_bXQ/view?usp=sharing	6	Sportifs	83	82	93	92
Nadal	3300	https://drive.google.com/file/d/1ou6Q3rSZ8UQuYMAySyIGK6_4tSXAUtgv/view?usp=sharing	6	Sportifs	93	86	82	94
Undertaker	3400	https://drive.google.com/file/d/1p8_izQdFM970MFsQj-VCapDiEEMkU5nb/view?usp=sharing	6	Sportifs	93	93	65	93
Zidane	0	https://drive.google.com/file/d/1VAUkgjRsb2gFfpSZLm1g8x0-Ij1Nmzx_/view?usp=sharing	6	Sportifs	85	93	82	93
CR7	0	https://drive.google.com/file/d/1iCaq04X5HuhE0vNfIq7wYenJDj1vL5Iz/view?usp=sharing	7	Sportifs	92	88	93	95
Magic	4500	https://drive.google.com/file/d/1-Yttv-E6EGRHhDL6skfkdOP9iCl-nKJY/view?usp=sharing	7	Sportifs	85	96	93	95
Maradona	0	https://drive.google.com/file/d/1a-YsqhhxphD0l70CY9zaJExS99zfjqUF/view?usp=sharing	7	Sportifs	84	96	90	95
Schumi	4500	https://drive.google.com/file/d/1K7xrzGfs8Oa5lFcb1OOwr7_0lM81mFMg/view?usp=sharing	7	Sportifs	82	77	95	93
Shaq	4500	https://drive.google.com/file/d/1fSPZFYPP_4odDRqeZMFxF-qgV6RsWjJO/view?usp=sharing	7	Sportifs	96	85	85	94
The Rock	3400	https://drive.google.com/file/d/1idocIaxScQnn9z2O4A0-3kS3-JclngMt/view?usp=sharing	7	Sportifs	94	75	78	94
Zidane	0	https://drive.google.com/file/d/1zdh5bs50iTHVWdbtKBZWstxPsN9TcTd0/view?usp=sharing	7	Sportifs	86	95	80	94
BB8	2900	https://drive.google.com/file/d/1bsZuui3BXEoYvn6AkoVyVszEOoUWqNUl/view?usp=sharing	2	Star Wars	70	72	87	90
C3PO	3200	https://drive.google.com/file/d/1a4ou0tXz_9vwbJTYaFBHLSyHKsyYCx9t/view?usp=sharing	2	Star Wars	63	63	68	92
Chewbacca	2900	https://drive.google.com/file/d/1Nz7plZmPdi5G5rB1ZDiFWfnDrmpKeCY5/view?usp=sharing	2	Star Wars	86	63	74	90
IG-11	2900	https://drive.google.com/file/d/11oHmPudQ5W3U6F4QpipPd1FmgRis7iQG/view?usp=sharing	2	Star Wars	89	60	87	82
Jango Fett	2800	https://drive.google.com/file/d/1Xs54JPXMIyXYPPqZmjfDYL__OJV9YbKW/view?usp=sharing	2	Star Wars	88	65	88	78
Jar Jar	1800	https://drive.google.com/file/d/1SKwsSHpEKFk_wurTZqi-LB_o19Sx2vHg/view?usp=sharing	2	Star Wars	80	64	72	65
R2D2	3500	https://drive.google.com/file/d/1UMef3l2za79-ui9iLPRGZ8YbDp38IgoQ/view?usp=sharing	2	Star Wars	74	77	82	93
Stormtrooper	2700	https://drive.google.com/file/d/1gIHJGmKtv3ARscbe4KorpDnJNKuh3wXv/view?usp=sharing	2	Star Wars	82	70	78	88
Boba Fett	3000	https://drive.google.com/file/d/1h5RH9zVrYdsbaITczd79NzRtuvocaU3X/view?usp=sharing	3	Star Wars	89	65	84	90
Leia	3200	https://drive.google.com/file/d/1FE9BF1pMUqc0OKY1h4BbcMcKolMZViGR/view?usp=sharing	3	Star Wars	68	87	70	92
Anakin	0	https://drive.google.com/file/d/12SNvnPXm6Z1yUQmOPpDYUDWp0RTcanqj/view?usp=sharing	3	Star Wars	78	87	82	88
Phasma	2600	https://drive.google.com/file/d/1QnyQxnDU0txM8FCvoe9tdv7NiigHrjcm/view?usp=sharing	3	Star Wars	86	80	82	85
Plo Koon	3200	https://drive.google.com/file/d/1vuOkMPxRHjWXFsDVBW5d6Se3VprexTpV/view?usp=sharing	3	Star Wars	84	90	88	86
Reva	2400	https://drive.google.com/file/d/103pJxvI4v_X5pXJ0qMWDJyvfosAAKKqv/view?usp=sharing	3	Star Wars	85	86	82	82
Savage	3200	https://drive.google.com/file/d/1jLaGTZdpTjT9nrS_cNq2q1XGSE1x6Ydn/view?usp=sharing	3	Star Wars	90	87	84	84
Solo	3700	https://drive.google.com/file/d/1qfTQT0FwA1_m_jKAPAgZFeukK_vNB4uN/view?usp=sharing	3	Star Wars	70	60	77	93
Ventress	3200	https://drive.google.com/file/d/1JSOxCCphQxT_PyqxK8PWzyA52qvsarQO/view?usp=sharing	3	Star Wars	85	90	87	84
Din Djarin	3000	https://drive.google.com/file/d/1dXELo6rzazR6ICuOP01VdgmqiAaOGbMH/view?usp=sharing	4	Star Wars	90	68	83	90
Grievous	3200	https://drive.google.com/file/d/11P1r-oJ0qVeQIXCt4REBylTgq54tNNKt/view?usp=sharing	4	Star Wars	92	60	90	88
Grogu	3700	https://drive.google.com/file/d/16GcfSBmf1oF2S-f2p1G44XTzoQBuuK2y/view?usp=sharing	4	Star Wars	60	92	77	94
Mara Jade	3200	https://drive.google.com/file/d/19n6UCXqZ5SOjajcnuhjsqO8e2CQJz59J/view?usp=sharing	4	Star Wars	85	92	87	75
Maul	4200	https://drive.google.com/file/d/1ndTtmm2EMlJu7pxveCyGXLwv_RVHR49U/view?usp=sharing	4	Star Wars	92	90	86	86
Anakin	0	https://drive.google.com/file/d/1gkDhB-id9xw6oK7gy4gjFCNxYcuOVdbz/view?usp=sharing	4	Star Wars	88	94	84	93
Starkiller	3200	https://drive.google.com/file/d/1w9y-v9EyIg7UTY1gUqplUQloJWVUyaH3/view?usp=sharing	4	Star Wars	92	92	84	86
Zannah	3400	https://drive.google.com/file/d/12qqFO23FtAk7BIVDfE2rDSxm5NovZ1p9/view?usp=sharing	4	Star Wars	90	93	86	76
Anakin	3700	https://drive.google.com/file/d/1eV2W3fwQAGkqt0Rfrx60tkWqmZSlhqdc/view?usp=sharing	5	Star Wars	86	94	86	90
Anakin	0	https://drive.google.com/file/d/1TGP_ankLB14UVUAp2LwG7kmZO6P0fjL1/view?usp=sharing	5	Star Wars	92	95	82	94
Ashoka	3500	https://drive.google.com/file/d/1esV7Hq287uff7oCq33xQAqPNdA3-xsyC/view?usp=sharing	5	Star Wars	87	92	93	90
Dooku	3200	https://drive.google.com/file/d/1xdGosxA4l7so4NLcHSgDO6zgKua5qKSq/view?usp=sharing	5	Star Wars	87	92	90	92
Grand Inquisiteur	3700	https://drive.google.com/file/d/1hkCdbHZVwyqI3ClxWIyhaT4CvRrbfvps/view?usp=sharing	5	Star Wars	92	94	86	90
Luke	3600	https://drive.google.com/file/d/19sY-U-cDfvPXswU2RQM3FN0LqRvyiZ-8/view?usp=sharing	5	Star Wars	86	93	85	94
Obi-Wan	3600	https://drive.google.com/file/d/14-i3ZthmPnmKog0CD-bvFqIJqRCdondR/view?usp=sharing	5	Star Wars	86	93	86	94
Qui-Gon	3000	https://drive.google.com/file/d/1wMDzanCnLyp-l2YZlFSLM4gkxigq2IFz/view?usp=sharing	5	Star Wars	77	90	84	89
Luke	0	https://drive.google.com/file/d/1x9jlHfPDdMUtVmutuGLSfrzv3OzQAJ2r/view?usp=sharing	6	Star Wars	88	94	85	95
Windu	3300	https://drive.google.com/file/d/1tLCaBjruB7OFH-IgFyq6eJxw9z9TxIaW/view?usp=sharing	6	Star Wars	93	90	70	88
Palpatine	4000	https://drive.google.com/file/d/1dlI5XzqTMBIdYQ9k4NJ-of8UUWuiDnyl/view?usp=sharing	6	Star Wars	62	95	60	90
Revan	0	https://drive.google.com/file/d/1-UwPlN22Jtssv4JuYJla1DDP2Swt4Hii/view?usp=sharing	6	Star Wars	92	95	85	90
Snoke	3200	https://drive.google.com/file/d/1QQMWeXOwFH_xi-vOJ9uSMv_Ix52buvOl/view?usp=sharing	6	Star Wars	60	92	60	80
Vador	3800	https://drive.google.com/file/d/1N1pNM4IrvxnHjhNi9jN1dpGTcR7xxJD0/view?usp=sharing	6	Star Wars	90	94	80	94
Vador	0	https://drive.google.com/file/d/1LdyPTF1eHdPQW8V548Bfc79R9ZF9zE7Z/view?usp=sharing	6	Star Wars	92	96	83	95
Valkorion	0	https://drive.google.com/file/d/1CixZD0Q5XPMeOGsgpOFQPUZMxDIT4uYS/view?usp=sharing	6	Star Wars	87	96	85	87
Yoda	3800	https://drive.google.com/file/d/1CjQaY13GeVdoC2QC9ddp4Z4kTocwGxOR/view?usp=sharing	6	Star Wars	62	94	87	94
Bane	3600	https://drive.google.com/file/d/1c8LTgjh80Y7R9ngOi3U1aVPy1mIsAZtR/view?usp=sharing	7	Star Wars	94	95	87	83
Kylo Ren	3200	https://drive.google.com/file/d/1G2zvoV-5whG9NA0vE61XPwl9IPCfb75z/view?usp=sharing	7	Star Wars	90	93	80	85
Nihilus	4500	https://drive.google.com/file/d/1t_DNoxA913brPO7a4GT53pyRqIxknZ6i/view?usp=sharing	7	Star Wars	92	96	88	87
Plagueis	3600	https://drive.google.com/file/d/1a6DSwNzqMIu8PTWGZ_oz6x72bTHHjKIo/view?usp=sharing	7	Star Wars	92	95	85	86
Rey	3000	https://drive.google.com/file/d/1dDhA3ezIdkkbfpHd_rIHh08r7ZY5l0H3/view?usp=sharing	7	Star Wars	82	92	84	87
Harley Quinn	3200	https://drive.google.com/file/d/1qi2AytP27E4NCQZ4IRZFsn1H0-gEWL4v/view?usp=sharing	2	Super Héros	72	67	75	92
Hydro Man	2100	https://drive.google.com/file/d/1h46DSrx7J8jUg7Upg6kHICEg5vkgwNgl/view?usp=sharing	2	Super Héros	73	83	79	76
Sandman	2500	https://drive.google.com/file/d/15XLQNqPvHtO1PZArjTZS6WRpM3XSQ0ys/view?usp=sharing	2	Super Héros	82	86	79	85
Shocker	2100	https://drive.google.com/file/d/1SoTHoWrOIf4I592W0NeXBcX2-THgFDeW/view?usp=sharing	2	Super Héros	74	77	72	82
Shriek	2400	https://drive.google.com/file/d/1epNF4ukW9pCAe2nCPjpP_ywAFMHnsBSt/view?usp=sharing	2	Super Héros	74	85	78	76
Venom	2700	https://drive.google.com/file/d/1sXVzlqplZ5u3HWlv0kWbgxoQPonb_XZ2/view?usp=sharing	3	Super Héros	88	78	78	82
Ghost Rider	2900	https://drive.google.com/file/d/126inl53pNJ4KevKf3TkL1cN6v9i8nT23/view?usp=sharing	3	Super Héros	85	89	82	85
Spider Gwen	2700	https://drive.google.com/file/d/1o_Ip9zZQBFDNCCo1nIeipW2ZsWaRrBbX/view?usp=sharing	3	Super Héros	80	82	88	87
Joker	3700	https://drive.google.com/file/d/1pXopyZcbSdlk-2Og_7qvPBLChasJExaT/view?usp=sharing	3	Super Héros	75	67	74	93
Miles Morales	3200	https://drive.google.com/file/d/1auGu0QwgZbgHdHmw1e2PK-U9IKhh40S-/view?usp=sharing	3	Super Héros	88	89	86	90
Punisher	2700	https://drive.google.com/file/d/1PIkYzDSuOzsGe7tJEnomlTx1WH-XhNdO/view?usp=sharing	3	Super Héros	88	74	76	86
Spider Man	0	https://drive.google.com/file/d/1yorGi9Z71UdD_hznbGd5Wc-JJzQcemwi/view?usp=sharing	3	Super Héros	85	80	87	90
Batman	3200	https://drive.google.com/file/d/1Uyfb8ClXsDy97kkHoZinFaCIZlNSZnf6/view?usp=sharing	4	Super Héros	90	70	79	92
Bouffon Vert	3000	https://drive.google.com/file/d/1NhyWIiHumHUsx5SMjuInkoAJoL_ln1KS/view?usp=sharing	4	Super Héros	81	82	78	90
Docteur Octopus	3000	https://drive.google.com/file/d/13IsxYiliSEcbk6nleBOpWOTtHFYB5vLI/view?usp=sharing	4	Super Héros	81	82	78	90
Spider Man	0	https://drive.google.com/file/d/1P9U7P-b-qO85Cjvx5fD_ffP9hZw0h0o_/view?usp=sharing	4	Super Héros	87	90	90	82
Spider Man	3400	https://drive.google.com/file/d/1wouhqYj_4zVeHearIH2ue5PTP2ynouKI/view?usp=sharing	4	Super Héros	89	80	86	93
Aquaman	3400	https://drive.google.com/file/d/1GoEDhRB_AeLhtlCQTFypUTMCdravasnx/view?usp=sharing	5	Super Héros	87	93	86	83
Captain America	3800	https://drive.google.com/file/d/1NX01Q07D-WAPpNpMfewyTmmw3f0pxh8x/view?usp=sharing	5	Super Héros	94	77	78	94
Flash	4000	https://drive.google.com/file/d/1lolbgm-rxB8AR7qLmuNGx-658XlERBg0/view?usp=sharing	5	Super Héros	80	87	95	84
Hulk	4000	https://drive.google.com/file/d/1uvDRsEFckmS_LDlWN5NP-Tx9ZGu6AVyf/view?usp=sharing	5	Super Héros	95	63	76	88
Iron Man	3800	https://drive.google.com/file/d/1InSRObzwqzEohT8Mf84hOoAwl60mMi45/view?usp=sharing	5	Super Héros	88	84	94	94
Spider Man	3400	https://drive.google.com/file/d/1OCNedC0uGeRQRIiCa9B30I_27cvrSlAD/view?usp=sharing	5	Super Héros	90	86	85	93
Spider Man	0	https://drive.google.com/file/d/1YYDhUj96obpMN7rZ2tUZwUAYkRvjhfF0/view?usp=sharing	5	Super Héros	93	82	85	85
Thor	3300	https://drive.google.com/file/d/1FcPlmhjJcQg-lAChAEMZS-bBlWLhqDga/view?usp=sharing	5	Super Héros	92	93	87	93
Venom	3200	https://drive.google.com/file/d/1iMc562BSPq9H_0dapWici1FSo3pZ35fU/view?usp=sharing	5	Super Héros	92	85	78	90
Wolverine	2800	https://drive.google.com/file/d/1YSfAF-qb7lAgU9cb0-wSIpHlCK4alITg/view?usp=sharing	5	Super Héros	88	85	77	87
Batman	3700	https://drive.google.com/file/d/10Aez2J3xJsHDwwcotKZ7ndsZE_xYRASy/view?usp=sharing	6	Super Héros	93	65	80	94
Carnage	3400	https://drive.google.com/file/d/1arFo_eH37qR3W5vSP0jwf-noiAsFokix/view?usp=sharing	6	Super Héros	93	88	87	85
Deadpool	3200	https://drive.google.com/file/d/10s6y0TZcHHJrV5NJ2Z38iBg2VCFLL5U5/view?usp=sharing	6	Super Héros	90	90	82	92
Mephisto	4000	https://drive.google.com/file/d/1rZyj3ez0R9mN3qsgYqCE4GlEFIejHElU/view?usp=sharing	6	Super Héros	84	95	86	87
Morlun	4000	https://drive.google.com/file/d/13llPEWj5URR7lsznjZxwGpWEgcmpzQbz/view?usp=sharing	6	Super Héros	95	93	76	77
Spider Man	3400	https://drive.google.com/file/d/1_9ABXQ52p0pgDRtmSgkotXmAx1mTO0QP/view?usp=sharing	6	Super Héros	90	85	88	93
Superman	4200	https://drive.google.com/file/d/1i-nvt5cF9Xe7LJVGbY14xLKFULkZ-AgX/view?usp=sharing	6	Super Héros	95	86	94	93
Dr Strange	3300	https://drive.google.com/file/d/1Z5JolUeDkDt92DE8J_U761j9iqPAfAP4/view?usp=sharing	7	Super Héros	73	94	84	93
Superman	4100	https://drive.google.com/file/d/1Gss1YMT0lff64FJd0e4Ktq534lvZYpQz/view?usp=sharing	7	Super Héros	95	88	95	93
Thanos	4000	https://drive.google.com/file/d/1W1XOQFYkZ8dHyjRm9RDSJruNZObaAx-S/view?usp=sharing	7	Super Héros	95	95	74	93
Bob l’Éponge	3200	https://drive.google.com/file/d/1p3LYE3EVtbtM-n0YHakfOVGBUeNhUagP/view?usp=sharing	2	Télévision (divers)	64	64	74	92
Homer	3500	https://drive.google.com/file/d/1Cc_CyGzE8NcRZU2ekzgvBYWll2MgScln/view?usp=sharing	2	Télévision (divers)	80	66	70	93
Marsupilami	2500	https://drive.google.com/file/d/1J5sOaFdJSWDaPxpxZrRlq_21AhXNM2OO/view?usp=sharing	2	Télévision (divers)	86	72	85	86
Sully	2700	https://drive.google.com/file/d/150IxUwfbwbLHJUo9UO23BzIjSRprphAu/view?usp=sharing	2	Télévision (divers)	87	60	70	87
Woody	2700	https://drive.google.com/file/d/1YqZ1YrBqPPTf9sLvkMNze7ruRVGX1CIp/view?usp=sharing	2	Télévision (divers)	73	60	80	88
Astérix	3500	https://drive.google.com/file/d/1LDrv6U61vUuVlEHeswnIVP9VQARoY0he/view?usp=sharing	3	Télévision (divers)	92	70	90	88
Azog	3500	https://drive.google.com/file/d/1flSkgAQy4Q8eKRZedBLeYN1zzwnb3X-a/view?usp=sharing	3	Télévision (divers)	92	70	80	83
Bumblebee	2500	https://drive.google.com/file/d/1GpmJbcjdSX7NBv4jZz3vZJ9w--HGymBW/view?usp=sharing	3	Télévision (divers)	85	70	80	85
Buzz	2900	https://drive.google.com/file/d/1DMFT4NPmMUmJ-jjaslHsm5Htp4Hm2Frj/view?usp=sharing	3	Télévision (divers)	85	77	87	90
Gimli	2700	https://drive.google.com/file/d/14wXBQaqxSYQLQp1ynB0HZvWSiSXeZw3V/view?usp=sharing	3	Télévision (divers)	88	72	70	88
Montagne	3500	https://drive.google.com/file/d/1VwyA0UIHgnkF3xPdXRkiYtB08hiBs-yk/view?usp=sharing	3	Télévision (divers)	92	67	70	87
Rafiki	2600	https://drive.google.com/file/d/15hblsEFvN1mUsQ-R_hesFDNOJZ4syXDY/view?usp=sharing	3	Télévision (divers)	78	87	82	87
Ron	3100	https://drive.google.com/file/d/10yP4S4Zhaww0uKeO8BRmnv-FTVpHpjoE/view?usp=sharing	3	Télévision (divers)	84	90	84	90
Simba	2700	https://drive.google.com/file/d/1RLjB27OdnOfoi-4AhEfLqkLgGyCFo9wx/view?usp=sharing	3	Télévision (divers)	85	75	83	88
Stitch	3200	https://drive.google.com/file/d/1j_0b68ER1QCLw15d6ihN5CH_ZkkshNSg/view?usp=sharing	3	Télévision (divers)	87	80	83	92
Arya	3500	https://drive.google.com/file/d/1aZRvnGIQL1Lh4ThIK0qPWYRGK5bx_qOx/view?usp=sharing	4	Télévision (divers)	87	90	93	93
Harry Potter	3500	https://drive.google.com/file/d/1CG_ov53cQbZ2EFRQX9bkHZikO65NU59I/view?usp=sharing	4	Télévision (divers)	80	90	93	92
Hercules	3800	https://drive.google.com/file/d/1nxg3YSoyLzMPAjBemeZSJDj7r1mWoMzc/view?usp=sharing	4	Télévision (divers)	94	90	78	82
Jaime	3400	https://drive.google.com/file/d/1UwJOErXkXT7sAUYqL1pBB4iQqw0HpsXm/view?usp=sharing	4	Télévision (divers)	90	67	92	93
Leonidas	2700	https://drive.google.com/file/d/1-iatDRKf__1dEm7ZCudNoDAH7mHfpKj0/view?usp=sharing	4	Télévision (divers)	87	60	73	84
Flash McQueen	4000	https://drive.google.com/file/d/1slEERWYms8si3zI9kldzHIKoJPFdjg-Y/view?usp=sharing	4	Télévision (divers)	86	67	95	90
Mickey	3200	https://drive.google.com/file/d/1RM0gxbImFcUluMKJ_oInj-XtgQoX5pNb/view?usp=sharing	4	Télévision (divers)	67	92	87	93
Mr Indestructible	3500	https://drive.google.com/file/d/14HcO9s9kYoNL2lwc1hcd7mlr8rDIE5lu/view?usp=sharing	4	Télévision (divers)	93	87	80	86
Optimus Prime	2700	https://drive.google.com/file/d/1gbsmteTMdZHREp7yeXvUslfjUbhfBiHj/view?usp=sharing	4	Télévision (divers)	87	70	76	84
Angmar	3500	https://drive.google.com/file/d/1F6uALkZ7v_iNWpLGt6IcVGbTa-YM6GUJ/view?usp=sharing	5	Télévision (divers)	93	90	90	93
Drago	3400	https://drive.google.com/file/d/14gyl3JcV6gti8cMR-kviomScgZPA4bzJ/view?usp=sharing	5	Télévision (divers)	78	93	87	90
Elrond	3400	https://drive.google.com/file/d/1Cy8Wf50WqWF9GCUWL1IdJNzX4sYBHsMX/view?usp=sharing	5	Télévision (divers)	90	93	87	92
Hades Disney	3000	https://drive.google.com/file/d/1zZ0AK4WcGoriF61PauZ4Wanm8JximWTy/view?usp=sharing	5	Télévision (divers)	80	90	78	76
Hermione	4000	https://drive.google.com/file/d/17nIHOuC0ZrVAxkozMAaNRUzV6pCK30nO/view?usp=sharing	5	Télévision (divers)	77	94	86	94
Jafar	3200	https://drive.google.com/file/d/1D_IV2DwIstnstzB8sgdJqjCmXejf1GeN/view?usp=sharing	5	Télévision (divers)	77	92	73	86
Jon Snow	3600	https://drive.google.com/file/d/14_IHDy2ydo8uL6xDmHScmXwaW7OAjmL6/view?usp=sharing	5	Télévision (divers)	88	93	90	94
Legolas	3500	https://drive.google.com/file/d/1hkpsLo6H3C_tXSGs3IDqlfWSYj-XrYvp/view?usp=sharing	5	Télévision (divers)	90	88	93	93
Mickey	4000	https://drive.google.com/file/d/1O-rLxjTKZ1VKyJVL1fDCWthYw88a0OFH/view?usp=sharing	5	Télévision (divers)	67	93	85	95
Aragorn	3500	https://drive.google.com/file/d/1Aw0__5OI7nRsdQihGxIC3oyIXOCNXc_T/view?usp=sharing	6	Télévision (divers)	92	86	84	94
Balrog	3600	https://drive.google.com/file/d/1oMdpKwPmTYYUXuoxUbcebn4xF_sjP5Sy/view?usp=sharing	6	Télévision (divers)	94	92	80	87
Daenerys	3700	https://drive.google.com/file/d/1k4qilsBOqWOB4p-1kh4eoBIaiUEky8xs/view?usp=sharing	6	Télévision (divers)	74	94	93	94
Galadriel	3600	https://drive.google.com/file/d/1wzW4UaiOqMaGy0vyhor_F3ZAFBYOOIQ_/view?usp=sharing	6	Télévision (divers)	90	94	88	90
Gandalf	3600	https://drive.google.com/file/d/1sWcg5wsUI3f0sO4FKvmtwC6w0M4bV-IJ/view?usp=sharing	6	Télévision (divers)	78	94	73	93
Harry Potter	3600	https://drive.google.com/file/d/18aajmKNWXN_p-YckgNKuICyg2mr8xRfB/view?usp=sharing	6	Télévision (divers)	80	94	93	93
Night King	4000	https://drive.google.com/file/d/1xZaLfZMHcdR4KfoPSy3uh_RPQxkhq7g7/view?usp=sharing	6	Télévision (divers)	86	95	90	89
Saroumane	4000	https://drive.google.com/file/d/1KdLoTWL-rqcYUyvAcMcdRxwTUgwuaF8E/view?usp=sharing	6	Télévision (divers)	72	95	77	88
Dumbledore	3800	https://drive.google.com/file/d/15C9JwXA1ZBipeOwveWgnF_lR3d3ADW2v/view?usp=sharing	7	Télévision (divers)	80	95	88	95
Gandalf	3600	https://drive.google.com/file/d/1Wce-i2yj9okcLir7JSXQxJ0E4X6w0Sfc/view?usp=sharing	7	Télévision (divers)	82	95	76	93
Mickey	4500	https://drive.google.com/file/d/1Gktns8BPK5t5RJb4fx8973aHTT8Hj7GD/view?usp=sharing	7	Télévision (divers)	85	96	90	95
Morgoth	0	https://drive.google.com/file/d/1wHUBRH6g0G0evOGLkXfYeHqAF3JPC0Uj/view?usp=sharing	7	Télévision (divers)	96	97	87	90
Sauron	4500	https://drive.google.com/file/d/1F7pDTTjepOEykkRyKnpmOJ7xSohGA5lx/view?usp=sharing	7	Télévision (divers)	93	96	86	94
Smaug	3700	https://drive.google.com/file/d/1DMYMpJ4dESPavc-8W9CV9y8m2GbYMa5G/view?usp=sharing	7	Télévision (divers)	95	93	94	82
Voldemort	3600	https://drive.google.com/file/d/1AFZIUo2paUBgx13_zplkhMwVa_0oTzcj/view?usp=sharing	7	Télévision (divers)	82	95	84	94
Orelsan	3300	https://drive.google.com/file/d/1d4SVo-nLiJ6BW670xo1yO7HdAnSIR3lY/view?usp=sharing	4	Musique	76	90	90	93
Booba	3400	https://drive.google.com/file/d/1UpPUkkrFYnO8U0I7XF5u3xNEQ4wnuYFE/view?usp=sharing	5	Musique	93	90	83	93
2Pac	3800	https://drive.google.com/file/d/1lw0_6smsFgHMDl-5AYZ4OebLlD3AbsQs/view?usp=sharing	6	Musique	90	94	86	94
Michael	4200	https://drive.google.com/file/d/1ESMZQXdRv_7hOJvM1Y4szMSQT61S8M_C/view?usp=sharing	6	Musique	85	95	90	95
Slash	3600	https://drive.google.com/file/d/1imFloX5ORHOhULgKJ-ctUPywlM9G_G9Q/view?usp=sharing	6	Musique	80	94	92	93
Freddie	3800	https://drive.google.com/file/d/1gtpflK4f3Ryo94QFcPU21KrMn2b-q_d2/view?usp=sharing	7	Musique	80	95	84	95
Hendrix	4100	https://drive.google.com/file/d/1Gf3NiCJyNe3tmWNCiWyQ7Q4tf0z9J_q_/view?usp=sharing	7	Musique	85	95	95	93
Michael	5000	https://drive.google.com/file/d/1G5UiiXD2VKK5rJQMYHMNCRkevCc1zyEa/view?usp=sharing	7	Musique	85	96	94	96
